-- phpMyAdmin SQL Dump
-- version 5.0.2
-- https://www.phpmyadmin.net/
--
-- Hôte : 127.0.0.1:3306
-- Généré le : mer. 23 déc. 2020 à 11:21
-- Version du serveur :  8.0.21
-- Version de PHP : 7.4.9

SET SQL_MODE = "NO_AUTO_VALUE_ON_ZERO";
START TRANSACTION;
SET time_zone = "+00:00";


/*!40101 SET @OLD_CHARACTER_SET_CLIENT=@@CHARACTER_SET_CLIENT */;
/*!40101 SET @OLD_CHARACTER_SET_RESULTS=@@CHARACTER_SET_RESULTS */;
/*!40101 SET @OLD_COLLATION_CONNECTION=@@COLLATION_CONNECTION */;
/*!40101 SET NAMES utf8mb4 */;

--
-- Base de données : `article8prod`
--

-- --------------------------------------------------------

--
-- Structure de la table `cours`
--

DROP TABLE IF EXISTS `cours`;
CREATE TABLE IF NOT EXISTS `cours` (
  `ID_COURS` int NOT NULL AUTO_INCREMENT,
  `NOM_COURS` varchar(50) CHARACTER SET utf8mb4 COLLATE utf8mb4_general_ci NOT NULL,
  `NB_PERIODES` int NOT NULL,
  `PREREQUISES` text CHARACTER SET utf8mb4 COLLATE utf8mb4_general_ci NOT NULL,
  `CAPACITES_TERMINALES` text CHARACTER SET utf8mb4 COLLATE utf8mb4_general_ci NOT NULL,
  PRIMARY KEY (`ID_COURS`)
) ENGINE=InnoDB AUTO_INCREMENT=26 DEFAULT CHARSET=utf8mb4 COLLATE=utf8mb4_general_ci;

--
-- Déchargement des données de la table `cours`
--

INSERT INTO `cours` (`ID_COURS`, `NOM_COURS`, `NB_PERIODES`, `PREREQUISES`, `CAPACITES_TERMINALES`) VALUES
(1, 'Senior Sales Associate', 60, 'sapien urna pretium nisl ut volutpat sapien arcu sed augue aliquam erat volutpat in congue etiam justo etiam pretium iaculis justo in hac habitasse platea dictumst etiam faucibus cursus urna ut tellus nulla ut erat id mauris vulputate elementum nullam varius nulla facilisi cras non velit nec nisi vulputate nonummy maecenas tincidunt lacus at velit vivamus vel nulla eget', 'ut massa quis augue luctus tincidunt nulla mollis molestie lorem quisque ut erat curabitur gravida nisi at nibh in hac habitasse platea dictumst aliquam augue quam sollicitudin vitae consectetuer eget rutrum at lorem integer tincidunt ante vel ipsum praesent blandit lacinia erat vestibulum sed magna'),
(2, 'Programmer III', 120, 'egestas metus aenean fermentum donec ut mauris eget massa tempor convallis nulla neque libero convallis eget eleifend luctus ultricies eu nibh quisque id justo sit amet sapien dignissim vestibulum vestibulum ante ipsum primis in faucibus orci luctus et ultrices posuere cubilia curae nulla dapibus dolor vel est donec odio justo sollicitudin ut suscipit a feugiat', 'luctus et ultrices posuere cubilia curae nulla dapibus dolor vel est donec odio justo sollicitudin ut suscipit a feugiat et eros vestibulum ac est lacinia nisi venenatis tristique fusce congue diam id ornare imperdiet sapien urna pretium nisl ut volutpat sapien arcu sed augue aliquam erat volutpat in congue etiam justo etiam pretium iaculis justo in hac habitasse platea dictumst etiam faucibus cursus urna ut tellus nulla ut erat id mauris vulputate elementum nullam varius'),
(3, 'Project Manager', 60, 'quis turpis sed ante vivamus tortor duis mattis egestas metus aenean fermentum donec ut mauris eget massa tempor convallis nulla neque libero convallis eget eleifend luctus ultricies eu nibh quisque id justo sit amet sapien dignissim vestibulum vestibulum ante ipsum primis in faucibus orci luctus et ultrices posuere', 'morbi non lectus aliquam sit amet diam in magna bibendum imperdiet nullam orci pede venenatis non sodales sed tincidunt eu felis fusce posuere felis sed lacus morbi sem mauris laoreet ut rhoncus aliquet pulvinar sed nisl nunc rhoncus dui vel sem sed sagittis nam congue risus semper porta volutpat quam pede lobortis ligula sit amet eleifend pede libero quis orci nullam molestie nibh in lectus pellentesque at nulla suspendisse potenti cras in purus eu magna vulputate luctus cum sociis'),
(4, 'Dental Hygienist', 120, 'rhoncus aliquam lacus morbi quis tortor id nulla ultrices aliquet maecenas leo odio condimentum id luctus nec molestie sed justo pellentesque viverra pede ac diam cras pellentesque volutpat dui maecenas tristique est et tempus semper est quam pharetra magna ac consequat metus sapien ut nunc vestibulum ante ipsum primis in faucibus orci luctus et ultrices posuere cubilia curae mauris viverra diam vitae quam suspendisse potenti nullam porttitor lacus at turpis donec posuere metus vitae ipsum aliquam', 'vestibulum rutrum rutrum neque aenean auctor gravida sem praesent id massa id nisl venenatis lacinia aenean sit amet justo morbi ut odio cras mi pede malesuada in imperdiet et commodo vulputate justo in blandit ultrices enim lorem ipsum dolor sit amet consectetuer adipiscing elit proin'),
(5, 'Business Systems Development Analyst', 60, 'consequat dui nec nisi volutpat eleifend donec ut dolor morbi vel lectus in quam fringilla rhoncus mauris enim leo rhoncus sed vestibulum sit amet cursus id turpis integer aliquet massa id lobortis convallis tortor risus dapibus augue vel accumsan tellus nisi eu orci mauris lacinia sapien quis libero nullam sit amet turpis elementum ligula vehicula consequat morbi a ipsum integer a nibh in quis justo maecenas rhoncus aliquam lacus morbi quis', 'neque duis bibendum morbi non quam nec dui luctus rutrum nulla tellus in sagittis dui vel nisl duis ac nibh fusce lacus purus aliquet at feugiat non pretium quis lectus suspendisse potenti in eleifend quam a odio in hac habitasse platea dictumst maecenas ut massa quis augue luctus tincidunt nulla mollis molestie lorem quisque ut erat curabitur gravida nisi at nibh in hac habitasse platea dictumst aliquam augue quam sollicitudin'),
(6, 'Analyst Programmer', 90, 'suscipit a feugiat et eros vestibulum ac est lacinia nisi venenatis tristique fusce congue diam id ornare imperdiet sapien urna pretium nisl ut volutpat sapien arcu sed augue aliquam erat volutpat in congue etiam justo etiam pretium iaculis', 'mattis nibh ligula nec sem duis aliquam convallis nunc proin at turpis a pede posuere nonummy integer non velit donec diam neque vestibulum eget vulputate ut ultrices vel augue vestibulum ante ipsum primis in faucibus orci luctus et ultrices posuere cubilia curae donec pharetra magna vestibulum aliquet ultrices erat tortor sollicitudin mi sit amet lobortis sapien sapien non mi integer ac neque duis bibendum morbi non quam nec dui luctus rutrum nulla tellus in sagittis dui vel nisl duis ac'),
(7, 'Internal Auditor', 40, 'luctus nec molestie sed justo pellentesque viverra pede ac diam cras pellentesque volutpat dui maecenas tristique est et tempus semper est quam pharetra magna ac consequat metus sapien ut nunc vestibulum ante ipsum primis in faucibus orci luctus et ultrices posuere cubilia curae mauris viverra diam vitae quam suspendisse potenti nullam porttitor lacus at turpis', 'ut suscipit a feugiat et eros vestibulum ac est lacinia nisi venenatis tristique fusce congue diam id ornare imperdiet sapien urna pretium nisl ut volutpat sapien arcu sed augue aliquam erat volutpat in congue etiam justo etiam pretium iaculis justo in hac habitasse platea dictumst etiam faucibus cursus urna ut tellus nulla ut erat'),
(8, 'Senior Developer', 70, 'euismod scelerisque quam turpis adipiscing lorem vitae mattis nibh ligula nec sem duis aliquam convallis nunc proin at turpis a pede posuere nonummy integer non velit donec diam neque vestibulum eget vulputate ut ultrices vel augue vestibulum ante ipsum primis in faucibus orci luctus et ultrices posuere cubilia curae donec pharetra magna vestibulum aliquet ultrices erat tortor sollicitudin mi sit amet lobortis sapien sapien non mi integer', 'nulla sed accumsan felis ut at dolor quis odio consequat varius integer ac leo pellentesque ultrices mattis odio donec vitae nisi nam ultrices libero non mattis pulvinar nulla pede ullamcorper augue a suscipit nulla elit ac nulla'),
(9, 'Information Systems Manager', 50, 'maecenas pulvinar lobortis est phasellus sit amet erat nulla tempus vivamus in felis eu sapien cursus vestibulum proin eu mi nulla ac enim in tempor turpis nec euismod scelerisque quam turpis adipiscing lorem vitae mattis nibh ligula nec sem duis aliquam convallis nunc proin at turpis a pede posuere nonummy integer non velit donec diam neque vestibulum eget vulputate ut ultrices vel augue vestibulum ante ipsum primis', 'cursus urna ut tellus nulla ut erat id mauris vulputate elementum nullam varius nulla facilisi cras non velit nec nisi vulputate nonummy maecenas tincidunt lacus at velit vivamus vel nulla eget eros elementum pellentesque quisque porta volutpat erat quisque erat eros viverra eget congue eget semper rutrum nulla nunc purus phasellus in felis donec semper sapien a libero nam dui proin leo odio porttitor id consequat in consequat ut nulla sed accumsan'),
(10, 'Financial Advisor', 40, 'praesent id massa id nisl venenatis lacinia aenean sit amet justo morbi ut odio cras mi pede malesuada in imperdiet et commodo vulputate justo in blandit ultrices enim lorem ipsum dolor sit amet consectetuer adipiscing elit proin interdum mauris non ligula pellentesque ultrices phasellus', 'pede justo lacinia eget tincidunt eget tempus vel pede morbi porttitor lorem id ligula suspendisse ornare consequat lectus in est risus auctor sed tristique in tempus sit amet sem fusce consequat nulla nisl nunc nisl duis bibendum felis sed interdum venenatis turpis enim blandit mi in porttitor pede justo eu massa donec dapibus duis'),
(11, 'Senior Financial Analyst', 100, 'gravida nisi at nibh in hac habitasse platea dictumst aliquam augue quam sollicitudin vitae consectetuer eget rutrum at lorem integer tincidunt ante vel ipsum praesent blandit lacinia erat vestibulum sed magna at nunc commodo placerat praesent blandit nam nulla integer pede justo lacinia eget tincidunt eget tempus vel pede morbi porttitor lorem id ligula suspendisse ornare consequat lectus in est risus auctor sed tristique in tempus sit amet sem fusce consequat nulla nisl nunc nisl duis bibendum felis', 'turpis eget elit sodales scelerisque mauris sit amet eros suspendisse accumsan tortor quis turpis sed ante vivamus tortor duis mattis egestas metus aenean fermentum donec ut mauris eget massa tempor convallis nulla neque'),
(12, 'Senior Sales Associate', 120, 'pretium iaculis justo in hac habitasse platea dictumst etiam faucibus cursus urna ut tellus nulla ut erat id mauris vulputate elementum nullam varius nulla facilisi cras non velit nec nisi vulputate nonummy maecenas tincidunt lacus at velit vivamus vel nulla eget eros elementum pellentesque quisque porta volutpat erat quisque erat eros viverra eget congue eget semper rutrum nulla', 'sit amet justo morbi ut odio cras mi pede malesuada in imperdiet et commodo vulputate justo in blandit ultrices enim lorem ipsum dolor sit amet consectetuer adipiscing elit proin interdum mauris non ligula pellentesque ultrices phasellus id'),
(13, 'Quality Engineer', 70, 'in hac habitasse platea dictumst etiam faucibus cursus urna ut tellus nulla ut erat id mauris vulputate elementum nullam varius nulla facilisi cras non velit nec nisi vulputate nonummy maecenas tincidunt lacus at velit vivamus vel nulla eget eros elementum pellentesque quisque porta volutpat erat quisque erat eros viverra eget congue eget semper rutrum nulla nunc purus', 'accumsan odio curabitur convallis duis consequat dui nec nisi volutpat eleifend donec ut dolor morbi vel lectus in quam fringilla rhoncus mauris enim leo rhoncus sed vestibulum sit amet cursus id turpis integer aliquet massa id lobortis convallis tortor risus dapibus augue vel accumsan tellus'),
(14, 'Data Coordiator', 100, 'ac est lacinia nisi venenatis tristique fusce congue diam id ornare imperdiet sapien urna pretium nisl ut volutpat sapien arcu sed augue aliquam erat volutpat in congue etiam justo etiam pretium iaculis justo in hac habitasse platea dictumst etiam faucibus cursus urna ut tellus nulla ut erat id mauris', 'felis sed interdum venenatis turpis enim blandit mi in porttitor pede justo eu massa donec dapibus duis at velit eu est congue elementum in hac habitasse platea dictumst morbi vestibulum velit id pretium iaculis diam erat fermentum justo nec condimentum neque sapien placerat'),
(15, 'Speech Pathologist', 100, 'amet eros suspendisse accumsan tortor quis turpis sed ante vivamus tortor duis mattis egestas metus aenean fermentum donec ut mauris eget massa tempor convallis nulla neque libero convallis eget eleifend luctus ultricies eu nibh quisque id justo sit amet sapien dignissim vestibulum vestibulum ante ipsum primis in faucibus orci luctus et ultrices posuere cubilia curae nulla dapibus dolor vel est donec odio justo sollicitudin ut suscipit a feugiat et eros vestibulum ac est lacinia nisi venenatis tristique fusce', 'cursus vestibulum proin eu mi nulla ac enim in tempor turpis nec euismod scelerisque quam turpis adipiscing lorem vitae mattis nibh ligula nec sem duis aliquam convallis nunc proin at turpis'),
(16, 'Graphic Designer', 70, 'felis sed interdum venenatis turpis enim blandit mi in porttitor pede justo eu massa donec dapibus duis at velit eu est congue elementum in hac habitasse platea dictumst morbi vestibulum velit id pretium iaculis diam erat fermentum justo nec condimentum neque sapien placerat ante nulla justo aliquam quis turpis eget elit sodales scelerisque mauris sit amet eros suspendisse accumsan tortor quis turpis sed ante vivamus tortor duis mattis egestas metus aenean fermentum donec ut', 'amet consectetuer adipiscing elit proin interdum mauris non ligula pellentesque ultrices phasellus id sapien in sapien iaculis congue vivamus metus arcu adipiscing molestie hendrerit at vulputate vitae nisl aenean lectus pellentesque eget nunc donec quis orci eget orci vehicula condimentum curabitur in libero ut massa volutpat convallis morbi odio odio elementum eu interdum eu tincidunt in leo maecenas pulvinar lobortis est phasellus sit amet erat nulla'),
(17, 'Sales Associate', 40, 'et eros vestibulum ac est lacinia nisi venenatis tristique fusce congue diam id ornare imperdiet sapien urna pretium nisl ut volutpat sapien arcu sed augue aliquam erat volutpat in congue etiam justo etiam pretium iaculis justo in hac habitasse platea dictumst etiam faucibus cursus urna ut tellus nulla ut erat id mauris vulputate elementum', 'morbi a ipsum integer a nibh in quis justo maecenas rhoncus aliquam lacus morbi quis tortor id nulla ultrices aliquet maecenas leo odio condimentum id luctus nec molestie sed justo pellentesque viverra pede ac diam cras pellentesque volutpat dui maecenas tristique est et tempus semper est quam pharetra magna ac consequat metus sapien ut nunc vestibulum ante ipsum primis in faucibus orci luctus et ultrices'),
(18, 'Geological Engineer', 80, 'orci luctus et ultrices posuere cubilia curae mauris viverra diam vitae quam suspendisse potenti nullam porttitor lacus at turpis donec posuere metus vitae ipsum aliquam non mauris morbi non lectus aliquam sit amet diam in magna bibendum imperdiet nullam orci pede venenatis non sodales sed tincidunt eu felis fusce posuere felis sed lacus morbi sem mauris laoreet ut rhoncus aliquet pulvinar', 'sociis natoque penatibus et magnis dis parturient montes nascetur ridiculus mus etiam vel augue vestibulum rutrum rutrum neque aenean auctor gravida sem praesent id massa id nisl venenatis lacinia aenean sit amet justo morbi ut odio cras mi pede malesuada in imperdiet et commodo vulputate justo in blandit ultrices'),
(19, 'Statistician I', 100, 'montes nascetur ridiculus mus etiam vel augue vestibulum rutrum rutrum neque aenean auctor gravida sem praesent id massa id nisl venenatis lacinia aenean sit amet justo morbi ut odio cras mi pede malesuada in imperdiet et commodo vulputate justo in blandit ultrices enim lorem ipsum dolor sit amet consectetuer adipiscing elit proin', 'donec ut dolor morbi vel lectus in quam fringilla rhoncus mauris enim leo rhoncus sed vestibulum sit amet cursus id turpis integer aliquet massa id lobortis convallis tortor risus dapibus augue vel accumsan tellus nisi eu orci mauris lacinia sapien quis libero nullam sit amet turpis elementum ligula vehicula consequat morbi a ipsum integer a nibh in quis justo maecenas'),
(20, 'Actuary', 120, 'parturient montes nascetur ridiculus mus vivamus vestibulum sagittis sapien cum sociis natoque penatibus et magnis dis parturient montes nascetur ridiculus mus etiam vel augue vestibulum rutrum rutrum neque aenean auctor gravida sem praesent id massa id nisl venenatis lacinia aenean sit amet justo morbi ut odio cras mi pede malesuada in imperdiet et commodo vulputate justo in blandit ultrices enim lorem ipsum dolor sit amet consectetuer adipiscing elit proin interdum mauris', 'pellentesque ultrices phasellus id sapien in sapien iaculis congue vivamus metus arcu adipiscing molestie hendrerit at vulputate vitae nisl aenean lectus pellentesque eget nunc donec quis orci eget orci vehicula condimentum curabitur in libero ut massa'),
(21, 'Librarian', 40, 'amet turpis elementum ligula vehicula consequat morbi a ipsum integer a nibh in quis justo maecenas rhoncus aliquam lacus morbi quis tortor id nulla ultrices aliquet maecenas leo odio condimentum id luctus nec molestie sed justo pellentesque viverra pede ac diam cras pellentesque volutpat dui maecenas tristique est et tempus semper est quam pharetra magna ac consequat metus sapien ut nunc vestibulum ante ipsum primis in faucibus orci luctus et', 'parturient montes nascetur ridiculus mus vivamus vestibulum sagittis sapien cum sociis natoque penatibus et magnis dis parturient montes nascetur ridiculus mus etiam vel augue vestibulum rutrum rutrum neque aenean auctor gravida sem praesent id massa id nisl venenatis lacinia aenean sit amet justo morbi ut odio cras mi pede malesuada in imperdiet et commodo vulputate justo in blandit ultrices enim lorem ipsum dolor sit amet consectetuer adipiscing elit proin interdum'),
(22, 'Biostatistician II', 50, 'ut erat id mauris vulputate elementum nullam varius nulla facilisi cras non velit nec nisi vulputate nonummy maecenas tincidunt lacus at velit vivamus vel nulla eget eros elementum pellentesque quisque porta volutpat erat quisque erat eros viverra eget congue eget semper rutrum nulla nunc purus phasellus in', 'nisi venenatis tristique fusce congue diam id ornare imperdiet sapien urna pretium nisl ut volutpat sapien arcu sed augue aliquam erat volutpat in congue etiam justo etiam pretium iaculis justo in hac habitasse platea dictumst etiam faucibus cursus urna ut tellus nulla ut erat id mauris vulputate elementum nullam varius nulla facilisi cras non velit nec nisi vulputate nonummy maecenas tincidunt lacus at velit vivamus vel nulla eget eros'),
(23, 'Nurse', 110, 'mattis nibh ligula nec sem duis aliquam convallis nunc proin at turpis a pede posuere nonummy integer non velit donec diam neque vestibulum eget vulputate ut ultrices vel augue vestibulum ante ipsum primis in faucibus orci luctus et ultrices posuere cubilia curae donec pharetra magna vestibulum aliquet ultrices erat tortor sollicitudin mi sit amet lobortis sapien sapien non mi integer ac neque duis bibendum morbi non quam nec dui luctus rutrum nulla tellus in sagittis dui vel', 'nunc nisl duis bibendum felis sed interdum venenatis turpis enim blandit mi in porttitor pede justo eu massa donec dapibus duis at velit eu est congue elementum in hac habitasse platea dictumst morbi vestibulum velit id pretium iaculis diam erat fermentum justo nec condimentum neque sapien placerat ante nulla justo aliquam quis turpis eget elit sodales scelerisque mauris sit amet eros suspendisse'),
(24, 'Actuary', 100, 'lectus vestibulum quam sapien varius ut blandit non interdum in ante vestibulum ante ipsum primis in faucibus orci luctus et ultrices posuere cubilia curae duis faucibus accumsan odio curabitur convallis duis consequat dui nec nisi volutpat eleifend donec ut dolor morbi vel lectus in quam fringilla rhoncus mauris enim leo', 'id mauris vulputate elementum nullam varius nulla facilisi cras non velit nec nisi vulputate nonummy maecenas tincidunt lacus at velit vivamus vel nulla eget eros elementum pellentesque quisque porta volutpat erat quisque erat eros viverra eget congue eget semper rutrum nulla nunc purus phasellus in felis donec semper sapien a libero nam dui proin leo odio porttitor id consequat in consequat ut nulla'),
(25, 'Occupational Therapist', 90, 'ipsum primis in faucibus orci luctus et ultrices posuere cubilia curae nulla dapibus dolor vel est donec odio justo sollicitudin ut suscipit a feugiat et eros vestibulum ac est lacinia nisi venenatis tristique fusce congue diam id ornare imperdiet sapien urna pretium nisl ut volutpat sapien arcu sed augue aliquam erat volutpat in congue etiam justo etiam pretium iaculis justo in hac habitasse platea dictumst etiam faucibus cursus urna ut tellus nulla ut erat id', 'tempus vel pede morbi porttitor lorem id ligula suspendisse ornare consequat lectus in est risus auctor sed tristique in tempus sit amet sem fusce consequat nulla nisl nunc nisl duis bibendum felis sed interdum venenatis turpis enim blandit mi in porttitor pede justo eu massa donec dapibus duis at velit eu est congue elementum in hac habitasse platea dictumst morbi vestibulum velit id pretium');

-- --------------------------------------------------------

--
-- Structure de la table `demande`
--

DROP TABLE IF EXISTS `demande`;
CREATE TABLE IF NOT EXISTS `demande` (
  `ID_DEMANDE` int NOT NULL AUTO_INCREMENT,
  `ID` int NOT NULL,
  `ID_STA_DEMAND` int NOT NULL,
  `ID_COURS` int NOT NULL,
  `DATE_DEMANDE` timestamp NOT NULL,
  `DATE_DECISION` date DEFAULT NULL,
  `COMMENTAIRE` text CHARACTER SET utf8mb4 COLLATE utf8mb4_general_ci,
  PRIMARY KEY (`ID_DEMANDE`),
  KEY `FK_CONCERNER` (`ID_COURS`),
  KEY `FK_DEFINIR` (`ID_STA_DEMAND`),
  KEY `FK_INTRODUIR` (`ID`)
) ENGINE=InnoDB AUTO_INCREMENT=45 DEFAULT CHARSET=utf8mb4 COLLATE=utf8mb4_general_ci;

--
-- Déchargement des données de la table `demande`
--

INSERT INTO `demande` (`ID_DEMANDE`, `ID`, `ID_STA_DEMAND`, `ID_COURS`, `DATE_DEMANDE`, `DATE_DECISION`, `COMMENTAIRE`) VALUES
(25, 1906, 2, 7, '2014-11-20 19:00:00', '2020-12-23', 'Aenean lectus. Pellentesque eget nunc.'),
(26, 1180, 2, 15, '2008-10-20 18:00:00', '2020-12-23', 'Mauris lacinia sapien quis libero. Nullam sit amet turpis elementum ligula vehicula consequat. Morbi a ipsum. Integer a nibh.'),
(27, 1674, 2, 12, '2024-09-20 18:00:00', '2020-12-23', 'Nullam sit amet turpis elementum ligula vehicula consequat. Morbi a ipsum. Integer a nibh. In quis justo. Maecenas rhoncus aliquam lacus. Morbi quis tortor id nulla ultrices aliquet.'),
(28, 1691, 2, 21, '2009-10-20 18:00:00', '2020-12-23', 'Aliquam erat volutpat. In congue. Etiam justo.'),
(29, 1682, 1, 15, '2006-10-20 18:00:00', NULL, 'Integer a nibh. In quis justo. Maecenas rhoncus aliquam lacus.'),
(30, 1678, 3, 21, '2024-10-20 18:00:00', '2020-12-23', 'Morbi sem mauris, laoreet ut, rhoncus aliquet, pulvinar sed, nisl.'),
(31, 1525, 2, 9, '2007-09-20 18:00:00', '2020-12-23', 'Maecenas leo odio, condimentum id, luctus nec, molestie sed, justo. Pellentesque viverra pede ac diam.'),
(32, 1839, 2, 10, '2005-12-20 19:00:00', '2020-12-23', 'Curabitur in libero ut massa volutpat convallis.'),
(33, 1681, 3, 6, '2019-11-20 19:00:00', '2020-12-23', 'Nullam orci pede, venenatis non, sodales sed, tincidunt eu, felis. Fusce posuere felis sed lacus.'),
(34, 1875, 1, 15, '2029-10-20 18:00:00', NULL, 'Aliquam augue quam, sollicitudin vitae, consectetuer eget, rutrum at, lorem. Integer tincidunt ante vel ipsum. Praesent blandit lacinia erat. Vestibulum sed magna at nunc commodo placerat. Praesent blandit. Nam nulla. Integer pede justo, lacinia eget, tincidunt eget, tempus vel, pede. Morbi porttitor lorem id ligula. Suspendisse ornare consequat lectus. In est risus, auctor sed, tristique in, tempus sit amet, sem.'),
(35, 1087, 2, 15, '2004-09-20 18:00:00', '2020-12-23', 'Ut at dolor quis odio consequat varius. Integer ac leo. Pellentesque ultrices mattis odio. Donec vitae nisi. Nam ultrices, libero non mattis pulvinar, nulla pede ullamcorper augue, a suscipit nulla elit ac nulla. Sed vel enim sit amet nunc viverra dapibus. Nulla suscipit ligula in lacus. Curabitur at ipsum ac tellus semper interdum.'),
(36, 1490, 1, 12, '2006-11-20 19:00:00', NULL, 'Nullam varius. Nulla facilisi. Cras non velit nec nisi vulputate nonummy. Maecenas tincidunt lacus at velit. Vivamus vel nulla eget eros elementum pellentesque. Quisque porta volutpat erat. Quisque erat eros, viverra eget, congue eget, semper rutrum, nulla. Nunc purus.'),
(37, 1741, 1, 21, '2013-11-20 19:00:00', NULL, 'Donec dapibus. Duis at velit eu est congue elementum. In hac habitasse platea dictumst.'),
(38, 1229, 1, 1, '2004-09-20 18:00:00', NULL, 'Suspendisse potenti. In eleifend quam a odio. In hac habitasse platea dictumst.'),
(39, 1564, 2, 11, '2006-12-20 19:00:00', '2020-12-23', 'Morbi porttitor lorem id ligula.'),
(40, 1882, 2, 4, '2018-11-20 19:00:00', '2020-12-23', 'Integer ac neque. Duis bibendum. Morbi non quam nec dui luctus rutrum. Nulla tellus. In sagittis dui vel nisl.'),
(41, 1309, 3, 9, '2015-09-20 18:00:00', '2020-12-23', 'Fusce posuere felis sed lacus. Morbi sem mauris, laoreet ut, rhoncus aliquet, pulvinar sed, nisl. Nunc rhoncus dui vel sem. Sed sagittis. Nam congue, risus semper porta volutpat, quam pede lobortis ligula, sit amet eleifend pede libero quis orci. Nullam molestie nibh in lectus. Pellentesque at nulla.'),
(42, 1485, 1, 7, '2029-11-20 19:00:00', NULL, 'Fusce lacus purus, aliquet at, feugiat non, pretium quis, lectus. Suspendisse potenti. In eleifend quam a odio. In hac habitasse platea dictumst. Maecenas ut massa quis augue luctus tincidunt. Nulla mollis molestie lorem. Quisque ut erat. Curabitur gravida nisi at nibh. In hac habitasse platea dictumst.'),
(43, 1492, 3, 15, '2018-10-20 18:00:00', '2020-12-23', 'Nulla tempus. Vivamus in felis eu sapien cursus vestibulum.'),
(44, 1703, 2, 5, '2011-11-20 19:00:00', '2020-12-23', 'Nullam porttitor lacus at turpis. Donec posuere metus vitae ipsum. Aliquam non mauris. Morbi non lectus. Aliquam sit amet diam in magna bibendum imperdiet. Nullam orci pede, venenatis non, sodales sed, tincidunt eu, felis. Fusce posuere felis sed lacus. Morbi sem mauris, laoreet ut, rhoncus aliquet, pulvinar sed, nisl. Nunc rhoncus dui vel sem. Sed sagittis.');

--
-- Déclencheurs `demande`
--
DROP TRIGGER IF EXISTS `Date_decision`;
DELIMITER $$
CREATE TRIGGER `Date_decision` BEFORE UPDATE ON `demande` FOR EACH ROW IF (NEW.ID_STA_DEMAND <>1) THEN
        SET NEW.DATE_DECISION = CURRENT_DATE();
    END IF
$$
DELIMITER ;
DROP TRIGGER IF EXISTS `date_decision_after_insert`;
DELIMITER $$
CREATE TRIGGER `date_decision_after_insert` BEFORE INSERT ON `demande` FOR EACH ROW IF (NEW.ID_STA_DEMAND <>1) THEN
        SET new.DATE_DECISION = CURRENT_DATE();
    END IF
$$
DELIMITER ;

-- --------------------------------------------------------

--
-- Structure de la table `documents`
--

DROP TABLE IF EXISTS `documents`;
CREATE TABLE IF NOT EXISTS `documents` (
  `ID_DOC` int NOT NULL AUTO_INCREMENT,
  `NOM_DOC` varchar(50) CHARACTER SET utf8mb4 COLLATE utf8mb4_general_ci NOT NULL,
  `TAILLE_DOC` int NOT NULL,
  `DOC` longblob NOT NULL,
  PRIMARY KEY (`ID_DOC`)
) ENGINE=InnoDB DEFAULT CHARSET=utf8mb4 COLLATE=utf8mb4_general_ci;

-- --------------------------------------------------------

--
-- Structure de la table `justifier`
--

DROP TABLE IF EXISTS `justifier`;
CREATE TABLE IF NOT EXISTS `justifier` (
  `ID_DEMANDE` int NOT NULL AUTO_INCREMENT,
  `ID_DOC` int NOT NULL,
  PRIMARY KEY (`ID_DEMANDE`,`ID_DOC`),
  KEY `FK_JUSTIFIER` (`ID_DOC`)
) ENGINE=InnoDB DEFAULT CHARSET=utf8mb4 COLLATE=utf8mb4_general_ci;

-- --------------------------------------------------------

--
-- Structure de la table `personne`
--

DROP TABLE IF EXISTS `personne`;
CREATE TABLE IF NOT EXISTS `personne` (
  `ID` int NOT NULL AUTO_INCREMENT,
  `ID_SECTION` int DEFAULT NULL,
  `ID_STATUT` int NOT NULL,
  `NOM` varchar(30) CHARACTER SET utf8mb4 COLLATE utf8mb4_general_ci NOT NULL,
  `PRENOM` varchar(30) CHARACTER SET utf8mb4 COLLATE utf8mb4_general_ci NOT NULL,
  `DDN` date NOT NULL,
  `TELEPHONE` varchar(10) CHARACTER SET utf8mb4 COLLATE utf8mb4_general_ci NOT NULL,
  `EMAIL` varchar(100) CHARACTER SET utf8mb4 COLLATE utf8mb4_general_ci NOT NULL,
  `PASSWORD` varchar(50) CHARACTER SET utf8mb4 COLLATE utf8mb4_general_ci DEFAULT NULL,
  `ADRESSE` varchar(300) CHARACTER SET utf8mb4 COLLATE utf8mb4_general_ci NOT NULL,
  PRIMARY KEY (`ID`),
  KEY `FK_APPARTENIR` (`ID_SECTION`),
  KEY `FK_AVOIR` (`ID_STATUT`)
) ENGINE=InnoDB AUTO_INCREMENT=2008 DEFAULT CHARSET=utf8mb4 COLLATE=utf8mb4_general_ci;

--
-- Déchargement des données de la table `personne`
--

INSERT INTO `personne` (`ID`, `ID_SECTION`, `ID_STATUT`, `NOM`, `PRENOM`, `DDN`, `TELEPHONE`, `EMAIL`, `PASSWORD`, `ADRESSE`) VALUES
(1, NULL, 3, 'Kenworthy', 'Ráo', '1275-12-07', '967-318-02', 'Kenworthy.Ráo@hainaut-promsoc.be', '8PItAB', '48 Monica Pass'),
(2, NULL, 3, 'Pesak', 'Noëlla', '1936-09-21', '726-341-34', 'Pesak.Noëlla@hainaut-promsoc.be', 'iHm5wTWx', '46 Eliot Junction'),
(3, NULL, 3, 'Le Leu', 'Táng', '1845-02-22', '585-961-10', 'Le Leu.Táng@hainaut-promsoc.be', 'frevkT', '558 Pleasure Junction'),
(4, NULL, 3, 'Gaywood', 'Bérénice', '1705-12-21', '586-371-19', 'Gaywood.Bérénice@hainaut-promsoc.be', '0hv2AAlDCb8x', '87580 Namekagon Pass'),
(5, NULL, 3, 'Comerford', 'Maïlys', '1879-06-21', '345-293-51', 'Comerford.Maïlys@hainaut-promsoc.be', 'JVjStgvf6Ro', '2781 Grayhawk Place'),
(1006, 2, 1, 'Micklewicz', 'Eliès', '1577-12-06', '441-684-89', 'Micklewicz.Eliès@hainaut-promsoc.be', 'LYxdLtV', '69 Emmet Pass'),
(1007, 5, 1, 'Rastrick', 'Méryl', '1899-09-27', '255-883-65', 'Rastrick.Méryl@hainaut-promsoc.be', 'GAz1ansBv', '37561 Debs Plaza'),
(1008, 4, 1, 'Piatto', 'Lauréna', '1884-11-30', '982-351-06', 'Piatto.Lauréna@hainaut-promsoc.be', 'DDFNwx3', '0 Welch Alley'),
(1009, 2, 1, 'Tevelov', 'Danièle', '1306-07-30', '138-266-67', 'Tevelov.Danièle@hainaut-promsoc.be', 'gMH0Fhhm3h', '7240 Forest Center'),
(1010, 1, 1, 'McOmish', 'Cunégonde', '1647-10-19', '277-996-47', 'McOmish.Cunégonde@hainaut-promsoc.be', 'QCrgGl', '5 Daystar Road'),
(1011, 3, 1, 'O\'Suaird', 'Tú', '1639-05-10', '106-963-90', 'O\'Suaird.Tú@hainaut-promsoc.be', '5uixA9oIe', '16 Kim Hill'),
(1012, 4, 1, 'Woofendell', 'Léa', '1196-03-25', '736-841-55', 'Woofendell.Léa@hainaut-promsoc.be', '4zBCflK8', '130 Scott Drive'),
(1013, 4, 1, 'Grodden', 'Göran', '1375-01-22', '384-834-73', 'Grodden.Göran@hainaut-promsoc.be', 'TlOiVMlZPRjE', '9 Carioca Trail'),
(1014, 1, 1, 'Vany', 'Andrée', '1771-05-06', '440-207-49', 'Vany.Andrée@hainaut-promsoc.be', 'c758JnQxl', '9178 Susan Circle'),
(1015, 1, 1, 'Blaycock', 'Andrée', '1378-02-07', '369-191-35', 'Blaycock.Andrée@hainaut-promsoc.be', 'v592Eb', '21097 Hintze Road'),
(1016, 3, 1, 'Tayloe', 'Maëlann', '1731-09-11', '866-880-19', 'Tayloe.Maëlann@hainaut-promsoc.be', 'dVSXS9WV', '62168 Havey Point'),
(1017, 2, 1, 'Bayston', 'Almérinda', '1287-12-16', '826-742-97', 'Bayston.Almérinda@hainaut-promsoc.be', 'G6Y1LAZSiBk', '34825 Anniversary Hill'),
(1018, 2, 1, 'Greveson', 'Annotés', '1543-08-28', '388-573-77', 'Greveson.Annotés@hainaut-promsoc.be', '7Jmc5KUDEIO', '753 Northwestern Place'),
(1019, 5, 1, 'Somerfield', 'Annotés', '1686-10-14', '615-270-69', 'Somerfield.Annotés@hainaut-promsoc.be', 'YLA8jgBHq', '7 Claremont Drive'),
(1020, 1, 1, 'Lehrian', 'Eliès', '1927-04-03', '547-634-52', 'Lehrian.Eliès@hainaut-promsoc.be', 'DiM1P4xYw', '7 Carpenter Alley'),
(1021, 5, 1, 'Leneham', 'Intéressant', '1406-12-13', '414-223-01', 'Leneham.Intéressant@hainaut-promsoc.be', 'VYbveIKiij', '545 Veith Trail'),
(1022, 5, 1, 'Cuniffe', 'Maï', '1866-05-08', '808-427-93', 'Cuniffe.Maï@hainaut-promsoc.be', 'XY3uPiIqWD', '24111 Tony Park'),
(1023, 5, 1, 'Fligg', 'Lèi', '1664-08-31', '411-457-25', 'Fligg.Lèi@hainaut-promsoc.be', 'd0JfV3', '5 Jay Place'),
(1024, 3, 1, 'Noirel', 'Desirée', '1536-07-27', '105-203-70', 'Noirel.Desirée@hainaut-promsoc.be', 'z2rFeQIriCJS', '2 Meadow Ridge Crossing'),
(1025, 1, 1, 'Smallpeice', 'Clémence', '1288-11-14', '502-812-97', 'Smallpeice.Clémence@hainaut-promsoc.be', '0m5VFW', '4902 Kedzie Hill'),
(1026, 4, 1, 'Baradel', 'Måns', '1137-08-15', '421-172-56', 'Baradel.Måns@hainaut-promsoc.be', 'pmyEbgHtM', '9684 Prentice Plaza'),
(1027, 2, 1, 'Snuggs', 'Marie-thérèse', '1449-11-14', '989-215-29', 'Snuggs.Marie-thérèse@hainaut-promsoc.be', 'b9Vpb1c97du', '9 Tomscot Way'),
(1028, 1, 1, 'Grimmert', 'Méryl', '1444-01-13', '308-793-11', 'Grimmert.Méryl@hainaut-promsoc.be', 'QqKRDD', '756 Dapin Lane'),
(1029, 4, 1, 'Spykins', 'Adélaïde', '1420-05-24', '922-355-01', 'Spykins.Adélaïde@hainaut-promsoc.be', 'QobksqeWoUPS', '2 Arkansas Circle'),
(1030, 1, 1, 'Curm', 'Mélissandre', '1809-01-27', '289-115-92', 'Curm.Mélissandre@hainaut-promsoc.be', 'tewctqVxi6', '48 Swallow Circle'),
(1031, 3, 1, 'Blouet', 'Daphnée', '1714-05-17', '599-371-11', 'Blouet.Daphnée@hainaut-promsoc.be', 'DkEzBEuxQ1', '35818 Onsgard Point'),
(1032, 5, 1, 'Brockett', 'Bérangère', '1914-06-28', '890-420-21', 'Brockett.Bérangère@hainaut-promsoc.be', '9FiQoRuRnI', '1132 Old Gate Hill'),
(1033, 1, 1, 'Fahrenbacher', 'Mélissandre', '1903-06-16', '448-878-29', 'Fahrenbacher.Mélissandre@hainaut-promsoc.be', 'dP5dl3oTvMP4', '0215 Russell Place'),
(1034, 3, 1, 'Turl', 'Bécassine', '1219-05-08', '860-940-89', 'Turl.Bécassine@hainaut-promsoc.be', 'lRJzWt', '005 Marcy Place'),
(1035, 5, 1, 'Scneider', 'Noëlla', '1989-10-02', '751-250-59', 'Scneider.Noëlla@hainaut-promsoc.be', 'O63Cdnc8VBks', '3 Stephen Alley'),
(1036, 4, 1, 'Ezzell', 'Crééz', '1129-02-21', '826-217-83', 'Ezzell.Crééz@hainaut-promsoc.be', '6IKWaRmxiWel', '83 Cherokee Hill'),
(1037, 5, 1, 'Dutnall', 'Geneviève', '1436-05-14', '748-492-93', 'Dutnall.Geneviève@hainaut-promsoc.be', '6nAHxb', '941 Erie Road'),
(1038, 4, 1, 'Jonczyk', 'Eugénie', '1323-07-03', '121-352-27', 'Jonczyk.Eugénie@hainaut-promsoc.be', 'Lf3DOsr', '1 Del Sol Parkway'),
(1039, 3, 1, 'Cobbald', 'Nadège', '1778-12-03', '401-124-58', 'Cobbald.Nadège@hainaut-promsoc.be', 'pVVKvsL', '4 Menomonie Hill'),
(1040, 5, 1, 'Gilhooley', 'Lyséa', '1606-10-21', '168-242-22', 'Gilhooley.Lyséa@hainaut-promsoc.be', 'omkVw2Q', '68819 Rockefeller Way'),
(1041, 3, 1, 'Cameron', 'Maïly', '1979-05-22', '686-273-38', 'Cameron.Maïly@hainaut-promsoc.be', 'dtS5upptQQgW', '9 Buena Vista Drive'),
(1042, 5, 1, 'Bellord', 'Naëlle', '1789-07-19', '284-446-55', 'Bellord.Naëlle@hainaut-promsoc.be', 'eN7Oh7qANDGS', '1157 Tennyson Road'),
(1043, 3, 1, 'Tole', 'Gösta', '1277-02-19', '234-973-64', 'Tole.Gösta@hainaut-promsoc.be', 'IdrcEaKp', '96 Prairieview Street'),
(1044, 3, 1, 'Teulier', 'Björn', '1370-08-25', '612-232-17', 'Teulier.Björn@hainaut-promsoc.be', 'uY2M9kO', '7768 Corry Crossing'),
(1045, 3, 1, 'Golder', 'Bénédicte', '1291-05-23', '122-954-70', 'Golder.Bénédicte@hainaut-promsoc.be', 'aWwHbcJNa', '06 Northport Junction'),
(1046, 2, 1, 'Sturman', 'Lauréna', '1615-01-03', '923-309-78', 'Sturman.Lauréna@hainaut-promsoc.be', 'BrvlTsOnmsi', '8325 Doe Crossing Crossing'),
(1047, 4, 1, 'Cowpe', 'Mélissandre', '1653-03-25', '779-204-57', 'Cowpe.Mélissandre@hainaut-promsoc.be', '0psUGqf', '4588 Gale Hill'),
(1048, 5, 1, 'Bauer', 'Lucrèce', '1602-02-28', '713-892-42', 'Bauer.Lucrèce@hainaut-promsoc.be', 'trrpuXUQXBe', '9226 Erie Road'),
(1049, 3, 1, 'Jaffrey', 'André', '1466-11-04', '899-905-36', 'Jaffrey.André@hainaut-promsoc.be', 'PGqD9TbNuH2', '99 Upham Parkway'),
(1050, 4, 1, 'Hinder', 'Kuí', '1210-10-15', '946-815-48', 'Hinder.Kuí@hainaut-promsoc.be', 'ew9IrHG', '4 Jenifer Center'),
(1051, 5, 1, 'Adrien', 'Hélèna', '1521-12-09', '728-521-47', 'Adrien.Hélèna@hainaut-promsoc.be', '7jSbW1X', '1 Dayton Circle'),
(1052, 5, 1, 'Ethridge', 'Gaïa', '1382-11-21', '105-795-59', 'Ethridge.Gaïa@hainaut-promsoc.be', 'zvXvvhdmaEBd', '654 7th Court'),
(1053, 3, 1, 'Fine', 'Danièle', '1413-11-08', '460-692-91', 'Fine.Danièle@hainaut-promsoc.be', '5v7W514erN4', '23 Waxwing Terrace'),
(1054, 5, 1, 'Harlock', 'Cécile', '1475-04-24', '337-454-14', 'Harlock.Cécile@hainaut-promsoc.be', 'eaaZE8PDkQ', '01 Farmco Alley'),
(1055, 1, 1, 'Kingsman', 'Pò', '1320-06-01', '301-542-07', 'Kingsman.Pò@hainaut-promsoc.be', 'sg7BvgiP6j', '885 Maryland Point'),
(1056, 3, 1, 'Cardenosa', 'Adélie', '1105-05-08', '814-920-25', 'Cardenosa.Adélie@hainaut-promsoc.be', 'EUy1Qdevf', '596 Nevada Road'),
(1057, 3, 1, 'Dello', 'Ruì', '1486-12-27', '237-183-12', 'Dello.Ruì@hainaut-promsoc.be', 'xLtQa7', '2844 Bellgrove Parkway'),
(1058, 4, 1, 'Hillborne', 'Marie-josée', '1695-05-24', '136-102-19', 'Hillborne.Marie-josée@hainaut-promsoc.be', 'TEpCvtO', '9951 Dayton Avenue'),
(1059, 4, 1, 'Reeson', 'Kallisté', '1736-03-13', '902-165-30', 'Reeson.Kallisté@hainaut-promsoc.be', 'DhwvAEw', '148 Clove Lane'),
(1060, 3, 1, 'Andresser', 'Nélie', '1848-12-06', '522-542-88', 'Andresser.Nélie@hainaut-promsoc.be', '4uJfiF', '93 Lawn Circle'),
(1061, 3, 1, 'Lanfer', 'Illustrée', '1105-06-21', '961-748-52', 'Lanfer.Illustrée@hainaut-promsoc.be', 'm6nI76EUCo3', '94 Shasta Parkway'),
(1062, 4, 1, 'Zupo', 'Eléonore', '1352-03-18', '713-220-60', 'Zupo.Eléonore@hainaut-promsoc.be', 'Q10UVzKT', '701 Lyons Park'),
(1063, 4, 1, 'Grosvener', 'Östen', '1108-05-04', '785-503-73', 'Grosvener.Östen@hainaut-promsoc.be', 'zPAHAuy64', '50 Sachtjen Parkway'),
(1064, 2, 1, 'Colaco', 'Rébecca', '1859-04-27', '722-139-27', 'Colaco.Rébecca@hainaut-promsoc.be', 'gBkpiM47FdmS', '88 Prentice Way'),
(1065, 5, 1, 'Dohr', 'Laurélie', '1752-11-20', '152-568-32', 'Dohr.Laurélie@hainaut-promsoc.be', 'YUBdhm3AXIi', '2037 Vernon Center'),
(1066, 3, 1, 'Gadson', 'Marie-hélène', '1951-12-10', '114-972-18', 'Gadson.Marie-hélène@hainaut-promsoc.be', 'WvlEnml51e', '4730 Orin Street'),
(1067, 5, 1, 'Kemster', 'Léonore', '1282-12-08', '793-417-16', 'Kemster.Léonore@hainaut-promsoc.be', 'qIWqOG2Mxg', '6 Chive Court'),
(1068, 1, 1, 'Coey', 'Håkan', '1677-04-14', '257-396-72', 'Coey.Håkan@hainaut-promsoc.be', '7UYX8jOC', '3798 4th Junction'),
(1069, 1, 1, 'MacTrustey', 'Léana', '1913-08-13', '509-625-07', 'MacTrustey.Léana@hainaut-promsoc.be', 'WswKNPXsV', '899 Oak Valley Street'),
(1070, 4, 1, 'Prattington', 'Börje', '1759-07-19', '495-600-87', 'Prattington.Börje@hainaut-promsoc.be', 'pFJAhobBzCKZ', '9 Esch Plaza'),
(1071, 2, 1, 'Nyssen', 'Mélanie', '1274-08-10', '205-349-59', 'Nyssen.Mélanie@hainaut-promsoc.be', 'GRIuBiXe', '772 Morrow Park'),
(1072, 3, 1, 'Yendall', 'Réjane', '1359-06-21', '721-690-48', 'Yendall.Réjane@hainaut-promsoc.be', 'qhZquFKMjZ', '01 Cherokee Place'),
(1073, 5, 1, 'Vernau', 'Géraldine', '1490-11-18', '921-362-73', 'Vernau.Géraldine@hainaut-promsoc.be', 'YpLS1xAF', '4685 Ramsey Lane'),
(1074, 1, 1, 'Jozefczak', 'Pélagie', '1293-07-09', '593-140-02', 'Jozefczak.Pélagie@hainaut-promsoc.be', 'aNPdlPBFa', '74 Esch Center'),
(1075, 1, 1, 'Mumberson', 'Léonore', '1609-04-09', '141-947-48', 'Mumberson.Léonore@hainaut-promsoc.be', 'SkQSmv3iJJ', '1318 7th Point'),
(1076, 2, 1, 'Skittrell', 'Léa', '1798-05-08', '529-457-00', 'Skittrell.Léa@hainaut-promsoc.be', '0XxpIhqPBQ', '8 Fremont Street'),
(1077, 2, 1, 'Frediani', 'Céline', '1488-06-13', '998-737-10', 'Frediani.Céline@hainaut-promsoc.be', 'zJAE9v1NYy9P', '7 Schmedeman Street'),
(1078, 2, 1, 'Dudlestone', 'Åsa', '1218-11-01', '767-213-00', 'Dudlestone.Åsa@hainaut-promsoc.be', 'ei2hFzfdJQh', '7291 Reinke Hill'),
(1079, 4, 1, 'Iorizzo', 'Kallisté', '1361-12-29', '907-621-25', 'Iorizzo.Kallisté@hainaut-promsoc.be', 'V8wvkeN', '6327 Loeprich Point'),
(1080, 5, 1, 'Hammond', 'Irène', '1868-03-16', '992-841-40', 'Hammond.Irène@hainaut-promsoc.be', 'ciNQVH', '6 Mesta Point'),
(1081, 4, 1, 'Mycock', 'Noémie', '1625-07-13', '816-932-17', 'Mycock.Noémie@hainaut-promsoc.be', 'O3wjD2M', '08 Londonderry Way'),
(1082, 1, 1, 'Pepperill', 'Noémie', '1952-02-25', '100-543-27', 'Pepperill.Noémie@hainaut-promsoc.be', 'Ft8vFK4U', '2 La Follette Court'),
(1083, 3, 1, 'Preshaw', 'Régine', '1955-04-11', '263-947-85', 'Preshaw.Régine@hainaut-promsoc.be', 'HB2iholk6s', '402 Graedel Center'),
(1084, 1, 1, 'Stollhofer', 'Célestine', '1980-09-21', '125-955-42', 'Stollhofer.Célestine@hainaut-promsoc.be', 'pxJI29j', '9897 Rockefeller Plaza'),
(1085, 4, 1, 'Ion', 'Léone', '1225-03-30', '844-787-51', 'Ion.Léone@hainaut-promsoc.be', 'MzBuv2Jgd', '511 Sutteridge Alley'),
(1086, 1, 1, 'Maylott', 'Céline', '1905-12-03', '464-656-48', 'Maylott.Céline@hainaut-promsoc.be', '9PvgP68g', '132 Killdeer Junction'),
(1087, 5, 1, 'Redmell', 'Réservés', '1228-02-23', '620-989-19', 'Redmell.Réservés@hainaut-promsoc.be', '3JgvaMHV8j', '37409 Starling Circle'),
(1088, 4, 1, 'Gammon', 'Léa', '1741-10-22', '514-905-01', 'Gammon.Léa@hainaut-promsoc.be', '6dZBg8Re', '38356 Summit Plaza'),
(1089, 3, 1, 'Tuckwell', 'Agnès', '1277-10-20', '431-969-20', 'Tuckwell.Agnès@hainaut-promsoc.be', 'tcSttyqt60', '64 Meadow Vale Crossing'),
(1090, 4, 1, 'Phillps', 'Rachèle', '1230-12-10', '854-347-42', 'Phillps.Rachèle@hainaut-promsoc.be', 'ENI8XA4', '859 Hayes Terrace'),
(1091, 1, 1, 'Poolton', 'Lài', '1216-08-27', '137-896-73', 'Poolton.Lài@hainaut-promsoc.be', 'AMvSa6B87R', '06538 Texas Alley'),
(1092, 1, 1, 'Gniewosz', 'Uò', '1908-01-28', '543-310-03', 'Gniewosz.Uò@hainaut-promsoc.be', 'adtSZG', '93 Sommers Lane'),
(1093, 3, 1, 'Streetfield', 'Athéna', '1557-07-17', '126-423-24', 'Streetfield.Athéna@hainaut-promsoc.be', 'YRjpAs', '35 Harper Avenue'),
(1094, 4, 1, 'Scholz', 'Méthode', '1072-09-07', '496-466-51', 'Scholz.Méthode@hainaut-promsoc.be', 'pSZH7luUFC', '2814 Brown Street'),
(1095, 5, 1, 'Evers', 'Börje', '1985-01-05', '886-635-17', 'Evers.Börje@hainaut-promsoc.be', 'sLMlgr7b5NtP', '22 Rutledge Park'),
(1096, 4, 1, 'Varndall', 'Desirée', '1687-04-12', '957-935-19', 'Varndall.Desirée@hainaut-promsoc.be', '97tO5p', '10538 Waxwing Center'),
(1097, 5, 1, 'Tremolieres', 'Cléopatre', '1111-04-11', '394-682-24', 'Tremolieres.Cléopatre@hainaut-promsoc.be', 'i8MTbjJ', '6 Briar Crest Trail'),
(1098, 5, 1, 'Radbond', 'Cécile', '1765-06-10', '325-621-23', 'Radbond.Cécile@hainaut-promsoc.be', 'B6vZcf8s', '07688 Kings Junction'),
(1099, 4, 1, 'Portriss', 'Séverine', '1123-02-17', '574-719-88', 'Portriss.Séverine@hainaut-promsoc.be', 'dd80VVbDQ1', '0551 Quincy Park'),
(1100, 5, 1, 'Maureen', 'Nadège', '1195-02-20', '956-907-50', 'Maureen.Nadège@hainaut-promsoc.be', 'p7MiPgqS8cf', '69142 Lunder Hill'),
(1101, 5, 1, 'Verlander', 'Märta', '1135-01-05', '236-755-65', 'Verlander.Märta@hainaut-promsoc.be', 'WfovN3YJ', '9 Debs Way'),
(1102, 1, 1, 'Breeder', 'Naéva', '1917-06-10', '202-922-95', 'Breeder.Naéva@hainaut-promsoc.be', 'KqN9CopfAc', '45975 Norway Maple Park'),
(1103, 3, 1, 'Wannell', 'Lèi', '1584-10-09', '360-136-19', 'Wannell.Lèi@hainaut-promsoc.be', 'zXvq57', '85 Banding Avenue'),
(1104, 5, 1, 'Glossop', 'Zhì', '1513-04-21', '915-182-58', 'Glossop.Zhì@hainaut-promsoc.be', 'oIP8846LZ9i', '07593 Eastlawn Street'),
(1105, 2, 1, 'Folland', 'Félicie', '1506-01-02', '380-928-16', 'Folland.Félicie@hainaut-promsoc.be', 'R0qqU1', '52 Forster Place'),
(1106, 5, 1, 'Pau', 'Néhémie', '1269-07-02', '524-188-32', 'Pau.Néhémie@hainaut-promsoc.be', 'L1ksoSk', '5 Havey Pass'),
(1107, 4, 1, 'Bairstow', 'Lóng', '1273-10-25', '962-401-26', 'Bairstow.Lóng@hainaut-promsoc.be', 'mkGNV9h', '2 Buena Vista Terrace'),
(1108, 2, 1, 'Bond', 'Océane', '1406-01-28', '743-862-04', 'Bond.Océane@hainaut-promsoc.be', 'Dfwjvhs', '390 Londonderry Park'),
(1109, 2, 1, 'Tomaszynski', 'Thérèse', '1843-03-02', '229-751-25', 'Tomaszynski.Thérèse@hainaut-promsoc.be', 'Hq6NbVIK6', '6757 Acker Alley'),
(1110, 4, 1, 'Pauley', 'Maëlyss', '1876-03-02', '986-971-63', 'Pauley.Maëlyss@hainaut-promsoc.be', 'tTUOrxbj6TFm', '9631 Forest Hill'),
(1111, 4, 1, 'Dudding', 'Séréna', '1356-08-21', '861-897-57', 'Dudding.Séréna@hainaut-promsoc.be', '1xwnk1XuA', '6 Transport Pass'),
(1112, 2, 1, 'Brelsford', 'Géraldine', '1778-10-01', '684-652-90', 'Brelsford.Géraldine@hainaut-promsoc.be', 'isio9wEF', '0172 Green Park'),
(1113, 1, 1, 'Bromfield', 'Marie-ève', '1174-10-02', '963-216-15', 'Bromfield.Marie-ève@hainaut-promsoc.be', 'p9Sel188zb', '72169 Browning Drive'),
(1114, 2, 1, 'Charer', 'Maïlys', '1456-09-03', '772-695-81', 'Charer.Maïlys@hainaut-promsoc.be', 'vgg2gvTit', '49107 Chive Pass'),
(1115, 2, 1, 'Brierly', 'Geneviève', '1224-02-14', '853-650-80', 'Brierly.Geneviève@hainaut-promsoc.be', 'dqMz56trq', '250 Old Gate Center'),
(1116, 4, 1, 'Sudell', 'Vérane', '1950-01-24', '706-706-64', 'Sudell.Vérane@hainaut-promsoc.be', '63iUN7mUdcG', '77 Dayton Junction'),
(1117, 1, 1, 'Davion', 'Nélie', '1637-04-14', '347-536-22', 'Davion.Nélie@hainaut-promsoc.be', 'vU8NmQzvd', '0 Dakota Crossing'),
(1118, 4, 1, 'Hambric', 'Méryl', '1164-04-21', '975-451-24', 'Hambric.Méryl@hainaut-promsoc.be', 'FwtAvTFc3gOj', '5 Anniversary Avenue'),
(1119, 5, 1, 'Doggerell', 'Ruò', '1493-10-09', '122-216-53', 'Doggerell.Ruò@hainaut-promsoc.be', 'O7E9EUF0my', '51 Westport Hill'),
(1120, 2, 1, 'Dinwoodie', 'Léonore', '1156-12-02', '361-602-18', 'Dinwoodie.Léonore@hainaut-promsoc.be', 'hPO4dwXbs', '06 Sachtjen Hill'),
(1121, 4, 1, 'Rubroe', 'Táng', '1236-09-14', '352-814-59', 'Rubroe.Táng@hainaut-promsoc.be', 'h5IQxdp9vzWr', '431 6th Crossing'),
(1122, 5, 1, 'Zupa', 'Danièle', '1191-11-14', '512-189-52', 'Zupa.Danièle@hainaut-promsoc.be', 'G8zCSkA', '8 Farmco Park'),
(1123, 4, 1, 'Ferrone', 'Marie-hélène', '1203-07-16', '909-624-59', 'Ferrone.Marie-hélène@hainaut-promsoc.be', 'cneS0c9kP', '77 Derek Terrace'),
(1124, 2, 1, 'Lockhead', 'Tán', '1461-10-02', '237-948-88', 'Lockhead.Tán@hainaut-promsoc.be', 'Dhy1UJ', '8150 Lakeland Alley'),
(1125, 5, 1, 'Crates', 'Réjane', '2000-04-08', '901-164-07', 'Crates.Réjane@hainaut-promsoc.be', '73uzCXO', '199 Tony Park'),
(1126, 3, 1, 'Gatchel', 'Judicaël', '1811-01-04', '969-172-11', 'Gatchel.Judicaël@hainaut-promsoc.be', 'BqB1Rt', '7854 Goodland Alley'),
(1127, 2, 1, 'Bellefonte', 'Zhì', '1854-03-26', '451-168-65', 'Bellefonte.Zhì@hainaut-promsoc.be', 'PmO8cNi', '4 Portage Lane'),
(1128, 2, 1, 'Rippingale', 'Lèi', '1236-03-26', '890-953-79', 'Rippingale.Lèi@hainaut-promsoc.be', 'L5hW1fSE2', '6 Oxford Court'),
(1129, 2, 1, 'McKeown', 'Torbjörn', '1512-04-23', '256-754-28', 'McKeown.Torbjörn@hainaut-promsoc.be', 'rv4AfkpaZD', '251 Dennis Circle'),
(1130, 2, 1, 'Sibbald', 'Aurélie', '1200-09-27', '285-631-67', 'Sibbald.Aurélie@hainaut-promsoc.be', 'hO5Z45E3db', '20 Carpenter Pass'),
(1131, 1, 1, 'MacMillan', 'Maëlyss', '1641-08-11', '790-447-84', 'MacMillan.Maëlyss@hainaut-promsoc.be', '6AaXB4HJtNOk', '3089 Kenwood Junction'),
(1132, 3, 1, 'Tander', 'Audréanne', '1909-01-06', '138-609-65', 'Tander.Audréanne@hainaut-promsoc.be', 'KaQaw2f', '66 Linden Junction'),
(1133, 5, 1, 'Dumberell', 'Hélène', '1255-08-13', '639-580-99', 'Dumberell.Hélène@hainaut-promsoc.be', 'BUWITP2b9i', '4215 Pine View Terrace'),
(1134, 2, 1, 'Grassi', 'Tú', '1917-05-24', '592-414-95', 'Grassi.Tú@hainaut-promsoc.be', 'Ryqj5XAvHndz', '7081 Forest Run Hill'),
(1135, 5, 1, 'Linny', 'Eugénie', '1767-05-01', '425-198-90', 'Linny.Eugénie@hainaut-promsoc.be', 'xVHoaKPHYZ6', '7 Ohio Trail'),
(1136, 4, 1, 'Moncreiff', 'Zhì', '1384-08-03', '614-173-75', 'Moncreiff.Zhì@hainaut-promsoc.be', 'QogjgllRNAlQ', '22 Dovetail Alley'),
(1137, 5, 1, 'Ovanesian', 'Gwenaëlle', '1106-11-07', '181-672-99', 'Ovanesian.Gwenaëlle@hainaut-promsoc.be', 'kyKnBqSnMo', '36 Granby Avenue'),
(1138, 2, 1, 'Burfield', 'Loïc', '1785-04-14', '315-276-96', 'Burfield.Loïc@hainaut-promsoc.be', 'BATObBC08UHv', '85906 Declaration Point'),
(1139, 3, 1, 'Elwel', 'Alizée', '1480-12-16', '829-523-00', 'Elwel.Alizée@hainaut-promsoc.be', 'ms0hm1h6hn7', '4194 Tony Avenue'),
(1140, 5, 1, 'Grzelak', 'Maëly', '1427-10-21', '910-302-20', 'Grzelak.Maëly@hainaut-promsoc.be', 'FRCR29Qa', '888 Everett Lane'),
(1141, 2, 1, 'Chrisp', 'Gwenaëlle', '1314-03-23', '835-256-90', 'Chrisp.Gwenaëlle@hainaut-promsoc.be', 'TI1kzd3RRuCf', '98792 Hayes Way'),
(1142, 2, 1, 'Clausen-Thue', 'Styrbjörn', '1222-03-11', '202-207-09', 'Clausen-Thue.Styrbjörn@hainaut-promsoc.be', 'DDdrPcT', '375 Orin Trail'),
(1143, 3, 1, 'Ricciardelli', 'Vérane', '1480-04-28', '752-524-21', 'Ricciardelli.Vérane@hainaut-promsoc.be', '4nFElwHs', '65871 Luster Place'),
(1144, 4, 1, 'Pawlicki', 'Yú', '1627-11-13', '136-368-96', 'Pawlicki.Yú@hainaut-promsoc.be', 'vK3EUi6qqp', '115 Walton Point'),
(1145, 2, 1, 'Mannix', 'Maëlyss', '1255-10-17', '258-866-71', 'Mannix.Maëlyss@hainaut-promsoc.be', 'n5N7qAhaGi', '9 Grasskamp Center'),
(1146, 5, 1, 'Gamell', 'Réjane', '1823-06-09', '374-235-26', 'Gamell.Réjane@hainaut-promsoc.be', 'ZA0TxLsXa3r', '63 Mifflin Drive'),
(1147, 4, 1, 'Archell', 'Méghane', '2002-12-08', '625-193-56', 'Archell.Méghane@hainaut-promsoc.be', '68jdIlp', '70 Sunnyside Place'),
(1148, 4, 1, 'Vela', 'Yóu', '1341-06-10', '363-608-12', 'Vela.Yóu@hainaut-promsoc.be', '6dBOoe', '60034 Messerschmidt Crossing'),
(1149, 4, 1, 'Pickersail', 'Adèle', '1608-06-09', '818-776-36', 'Pickersail.Adèle@hainaut-promsoc.be', 'ZMWthjFgRU7', '91141 Gerald Drive'),
(1150, 1, 1, 'Fleury', 'Médiamass', '1937-01-24', '813-166-40', 'Fleury.Médiamass@hainaut-promsoc.be', 'BbBcty', '1183 Tony Parkway'),
(1151, 3, 1, 'Taylor', 'Noëlla', '1713-04-18', '450-165-24', 'Taylor.Noëlla@hainaut-promsoc.be', 'NbVPAZj7Q9To', '937 Loomis Street'),
(1152, 3, 1, 'Townsley', 'Dafnée', '1764-05-10', '863-237-58', 'Townsley.Dafnée@hainaut-promsoc.be', 'vHsaxex0I', '8 Esch Place'),
(1153, 2, 1, 'Small', 'Agnès', '1438-08-11', '755-629-17', 'Small.Agnès@hainaut-promsoc.be', 'Nptebxu9LRFB', '2 Hooker Circle'),
(1154, 5, 1, 'Empleton', 'Uò', '1534-12-29', '558-742-73', 'Empleton.Uò@hainaut-promsoc.be', 'JkSiTOF', '1 Northview Plaza'),
(1155, 4, 1, 'Puddifer', 'Léane', '1452-10-26', '645-319-06', 'Puddifer.Léane@hainaut-promsoc.be', 'IUNBFwwY', '336 Chive Circle'),
(1156, 5, 1, 'Frazer', 'Clémence', '1562-02-04', '357-208-08', 'Frazer.Clémence@hainaut-promsoc.be', 'xKtIx9L', '75 Shasta Pass'),
(1157, 4, 1, 'Whitehall', 'Noëlla', '1538-10-14', '183-183-04', 'Whitehall.Noëlla@hainaut-promsoc.be', 'aNokfTEcUo', '739 Holy Cross Place'),
(1158, 1, 1, 'Clyma', 'Miléna', '1650-05-12', '388-558-26', 'Clyma.Miléna@hainaut-promsoc.be', 'rRQmwuwy3', '920 Melody Center'),
(1159, 5, 1, 'Tillett', 'Mélodie', '1809-07-03', '385-943-71', 'Tillett.Mélodie@hainaut-promsoc.be', 'NlwQvwXdw3l2', '3566 Homewood Alley'),
(1160, 3, 1, 'Zipsell', 'Faîtes', '1320-04-05', '407-151-56', 'Zipsell.Faîtes@hainaut-promsoc.be', 'ukPQ7NJz', '1050 Westend Pass'),
(1161, 3, 1, 'Baudrey', 'Méng', '1756-07-09', '503-332-09', 'Baudrey.Méng@hainaut-promsoc.be', 'kXlu4hcX', '16 Tony Circle'),
(1162, 5, 1, 'Coggen', 'Mélina', '1393-11-05', '978-160-04', 'Coggen.Mélina@hainaut-promsoc.be', 'E7WJQhz', '08 Scoville Avenue'),
(1163, 5, 1, 'Beresford', 'Lauréna', '1342-07-29', '947-502-64', 'Beresford.Lauréna@hainaut-promsoc.be', 'OyAfIPFC7', '1256 Bowman Terrace'),
(1164, 2, 1, 'Fydoe', 'Adélaïde', '1825-06-04', '243-788-55', 'Fydoe.Adélaïde@hainaut-promsoc.be', 'JC4VbyHy7Zw', '96849 Bashford Court'),
(1165, 4, 1, 'De Caroli', 'Uò', '1455-01-30', '844-390-20', 'De Caroli.Uò@hainaut-promsoc.be', 'SpVaQk', '167 Manitowish Drive'),
(1166, 4, 1, 'Kenton', 'Maëlyss', '1330-03-29', '621-458-51', 'Kenton.Maëlyss@hainaut-promsoc.be', 'Qhstw98h', '477 Clarendon Center'),
(1167, 1, 1, 'Whitta', 'Estée', '1470-04-11', '358-535-68', 'Whitta.Estée@hainaut-promsoc.be', 'LJJwMS88qr', '6569 Village Green Street'),
(1168, 1, 1, 'Hellwing', 'Maëlla', '1260-04-14', '995-355-74', 'Hellwing.Maëlla@hainaut-promsoc.be', 'BO45xOer3ct', '59 Eggendart Way'),
(1169, 3, 1, 'Oaker', 'Andréa', '1774-04-13', '726-830-31', 'Oaker.Andréa@hainaut-promsoc.be', 'VGnTrwHG7', '87 Susan Alley'),
(1170, 1, 1, 'McAloren', 'Lorène', '1314-04-18', '672-250-28', 'McAloren.Lorène@hainaut-promsoc.be', 'N0UQrVbAdXE6', '37149 Brown Junction'),
(1171, 3, 1, 'Donnel', 'Kévina', '1631-03-18', '471-910-08', 'Donnel.Kévina@hainaut-promsoc.be', 'B95vzmA5T7Tu', '728 Dennis Terrace'),
(1172, 1, 1, 'Clementson', 'Noëlla', '1568-08-11', '783-486-25', 'Clementson.Noëlla@hainaut-promsoc.be', 't259JMm', '56 Northridge Crossing'),
(1173, 4, 1, 'Murthwaite', 'Zoé', '1321-12-17', '671-751-69', 'Murthwaite.Zoé@hainaut-promsoc.be', 'WuyFWFeAibH', '5308 Twin Pines Trail'),
(1174, 3, 1, 'Aizlewood', 'Maëlann', '1093-07-08', '192-679-35', 'Aizlewood.Maëlann@hainaut-promsoc.be', '7iIIbDYzlMWg', '06418 Northport Center'),
(1175, 3, 1, 'Karslake', 'Adélaïde', '1630-12-25', '553-980-21', 'Karslake.Adélaïde@hainaut-promsoc.be', 'NTdFfF1', '91 Rockefeller Plaza'),
(1176, 1, 1, 'Wilbud', 'Léone', '1916-10-31', '577-820-72', 'Wilbud.Léone@hainaut-promsoc.be', 'vzUz02U', '31 Dayton Drive'),
(1177, 2, 1, 'Vinall', 'Andréanne', '1269-05-19', '214-430-74', 'Vinall.Andréanne@hainaut-promsoc.be', 'EYo6jzj9x', '5 Farmco Parkway'),
(1178, 1, 1, 'Aaron', 'Chloé', '1359-09-12', '303-660-21', 'Aaron.Chloé@hainaut-promsoc.be', 'AR3ImzCKTlY', '97876 Northport Park'),
(1179, 4, 1, 'Hake', 'Maïly', '1149-07-19', '389-331-35', 'Hake.Maïly@hainaut-promsoc.be', 's1tjut9Dl', '009 Memorial Junction'),
(1180, 2, 1, 'Podd', 'Chloé', '1939-10-28', '850-778-90', 'Podd.Chloé@hainaut-promsoc.be', '8ycf7saB', '9656 Basil Road'),
(1181, 3, 1, 'Martindale', 'Méthode', '1474-03-08', '146-713-54', 'Martindale.Méthode@hainaut-promsoc.be', '0tYmFPCAmaxI', '33337 Grayhawk Lane'),
(1182, 5, 1, 'Vicker', 'Magdalène', '1932-05-18', '306-389-42', 'Vicker.Magdalène@hainaut-promsoc.be', 'ieV2pu3yS5', '40 Fair Oaks Terrace'),
(1183, 3, 1, 'Coddington', 'Edmée', '1946-03-10', '414-898-74', 'Coddington.Edmée@hainaut-promsoc.be', 'p34XyJdL4', '1 Loeprich Crossing'),
(1184, 1, 1, 'Gullam', 'Bécassine', '1888-10-05', '280-727-90', 'Gullam.Bécassine@hainaut-promsoc.be', 'B1GjZh', '988 Dunning Terrace'),
(1185, 3, 1, 'Scrymgeour', 'Méline', '1652-04-03', '511-829-08', 'Scrymgeour.Méline@hainaut-promsoc.be', 'WQPp0ICI8M', '7 Hansons Center'),
(1186, 2, 1, 'Hirsch', 'Maéna', '1647-07-24', '523-982-36', 'Hirsch.Maéna@hainaut-promsoc.be', 'ktrEUPWbC2tH', '5 Barnett Street'),
(1187, 1, 1, 'Pryke', 'Stévina', '1217-03-07', '246-860-05', 'Pryke.Stévina@hainaut-promsoc.be', 'S0pFjR', '35275 Killdeer Circle'),
(1188, 3, 1, 'Walczynski', 'Audréanne', '1529-12-04', '228-766-85', 'Walczynski.Audréanne@hainaut-promsoc.be', 'c8IlqKkz', '294 Thompson Parkway'),
(1189, 2, 1, 'Gillooly', 'Maïwenn', '1801-04-21', '582-783-57', 'Gillooly.Maïwenn@hainaut-promsoc.be', '2Dzt28', '0469 Acker Parkway'),
(1190, 4, 1, 'Baelde', 'Lóng', '1736-06-23', '499-849-76', 'Baelde.Lóng@hainaut-promsoc.be', 'lFSuCCwwYF', '1 Cottonwood Plaza'),
(1191, 2, 1, 'Lovatt', 'Zoé', '1384-05-24', '422-485-53', 'Lovatt.Zoé@hainaut-promsoc.be', 'Gktyy18Rf', '6999 Elka Court'),
(1192, 3, 1, 'Crudginton', 'Félicie', '1967-05-09', '746-996-26', 'Crudginton.Félicie@hainaut-promsoc.be', '1JkeDy1', '13155 Meadow Vale Place'),
(1193, 2, 1, 'Hartfield', 'Mélanie', '1751-08-23', '390-946-75', 'Hartfield.Mélanie@hainaut-promsoc.be', 'LQjC8pOe9k', '715 Bay Circle'),
(1194, 3, 1, 'Apfler', 'Séverine', '1086-06-15', '360-318-44', 'Apfler.Séverine@hainaut-promsoc.be', '07OW5q7xgMf', '23 Lillian Junction'),
(1195, 3, 1, 'O\' Liddy', 'Kallisté', '1226-08-14', '281-377-94', 'O\' Liddy.Kallisté@hainaut-promsoc.be', 'asBVlVHAt', '2551 Dapin Crossing'),
(1196, 1, 1, 'Hasselby', 'Anaé', '1945-07-24', '852-637-57', 'Hasselby.Anaé@hainaut-promsoc.be', 'xh2phBrG', '2 Morningstar Plaza'),
(1197, 3, 1, 'Sivyour', 'Publicité', '1563-02-20', '457-738-16', 'Sivyour.Publicité@hainaut-promsoc.be', 'y7jbspUnm', '42 Lawn Court'),
(1198, 2, 1, 'Ellerton', 'Maéna', '1681-09-02', '813-479-60', 'Ellerton.Maéna@hainaut-promsoc.be', 'GoM9zxte7t', '91 Maryland Alley'),
(1199, 2, 1, 'Maundrell', 'Anaëlle', '1984-06-11', '107-137-95', 'Maundrell.Anaëlle@hainaut-promsoc.be', '3HZsRoS9', '8747 Troy Center'),
(1200, 4, 1, 'Sherel', 'Noémie', '1390-05-30', '756-274-09', 'Sherel.Noémie@hainaut-promsoc.be', 'HvIE2b', '2 Park Meadow Drive'),
(1201, 5, 1, 'Mackiewicz', 'Bérangère', '1456-01-17', '287-123-69', 'Mackiewicz.Bérangère@hainaut-promsoc.be', '9zGpxrz510F5', '4 Fallview Court'),
(1202, 1, 1, 'Woolward', 'Gaïa', '1442-11-24', '795-604-42', 'Woolward.Gaïa@hainaut-promsoc.be', 'h88uqwtrV', '62969 Arizona Avenue'),
(1203, 3, 1, 'Grigson', 'Mégane', '1888-01-21', '964-949-39', 'Grigson.Mégane@hainaut-promsoc.be', 'z4SfGA4tEAD', '39 Anderson Way'),
(1204, 4, 1, 'McCloud', 'Pò', '1471-07-27', '893-179-47', 'McCloud.Pò@hainaut-promsoc.be', 'QWzvu9Z', '0393 Heath Trail'),
(1205, 4, 1, 'Doeg', 'Maéna', '1913-09-28', '261-591-52', 'Doeg.Maéna@hainaut-promsoc.be', 'CyyzviUEdV0V', '2776 Canary Lane'),
(1206, 3, 1, 'Kleinhaus', 'Kévina', '1993-09-05', '458-558-84', 'Kleinhaus.Kévina@hainaut-promsoc.be', '6NDWmeF', '32 Clemons Lane'),
(1207, 3, 1, 'Ferminger', 'Clélia', '1828-12-04', '634-482-07', 'Ferminger.Clélia@hainaut-promsoc.be', 'j6srJe', '89 8th Pass'),
(1208, 2, 1, 'Raimbauld', 'Océane', '1454-07-31', '516-222-00', 'Raimbauld.Océane@hainaut-promsoc.be', '4C0iY7a13Tq', '0478 Jackson Point'),
(1209, 2, 1, 'Sim', 'Angélique', '1121-10-05', '429-856-74', 'Sim.Angélique@hainaut-promsoc.be', 'HAvWwhNHq', '9287 Fairview Court'),
(1210, 2, 1, 'Gateman', 'Yú', '1263-07-07', '434-987-93', 'Gateman.Yú@hainaut-promsoc.be', 'bwSesAAyuP2p', '56587 Blaine Circle'),
(1211, 1, 1, 'Felten', 'Pénélope', '1932-06-07', '686-214-75', 'Felten.Pénélope@hainaut-promsoc.be', '5qzEJCS', '55 Oneill Alley'),
(1212, 4, 1, 'Grishin', 'Lauréna', '1894-05-29', '176-672-64', 'Grishin.Lauréna@hainaut-promsoc.be', 'JzjsVy6hz', '8942 Algoma Crossing'),
(1213, 2, 1, 'Dealtry', 'Anaé', '1183-09-05', '248-624-41', 'Dealtry.Anaé@hainaut-promsoc.be', 'WDRs1qUSyCL', '706 Rieder Center'),
(1214, 2, 1, 'De Santos', 'Lauréna', '1722-02-15', '489-904-02', 'De Santos.Lauréna@hainaut-promsoc.be', 'yV3BAqPzznNK', '3940 Merchant Plaza'),
(1215, 4, 1, 'Atterbury', 'Andrée', '1958-08-08', '358-249-46', 'Atterbury.Andrée@hainaut-promsoc.be', 'h8rhje1tb', '7917 Petterle Plaza'),
(1216, 3, 1, 'Cansdell', 'Miléna', '1170-02-24', '239-492-77', 'Cansdell.Miléna@hainaut-promsoc.be', 'UjvubMHdZk7', '874 Paget Terrace'),
(1217, 3, 1, 'Blackhurst', 'Anaël', '1777-06-08', '410-366-44', 'Blackhurst.Anaël@hainaut-promsoc.be', '7JuiUGv', '79216 Mandrake Lane'),
(1218, 5, 1, 'MacConnell', 'Alizée', '1761-10-07', '545-472-98', 'MacConnell.Alizée@hainaut-promsoc.be', 'rqRZcvY6Z', '89 Portage Hill'),
(1219, 5, 1, 'Goodluck', 'Magdalène', '1660-04-30', '689-126-42', 'Goodluck.Magdalène@hainaut-promsoc.be', 'peecPVMBLa', '18 Drewry Lane'),
(1220, 5, 1, 'Walwood', 'Eugénie', '1412-07-10', '852-895-89', 'Walwood.Eugénie@hainaut-promsoc.be', 'q6UCmcW', '9 Amoth Plaza'),
(1221, 4, 1, 'Abbati', 'Nélie', '1146-06-23', '109-895-79', 'Abbati.Nélie@hainaut-promsoc.be', 'FgEkd3XiFJ', '8 Roxbury Park'),
(1222, 5, 1, 'Khristyukhin', 'Maëly', '1345-10-04', '847-262-49', 'Khristyukhin.Maëly@hainaut-promsoc.be', '4Y3Qj7lU', '23489 Lighthouse Bay Alley'),
(1223, 4, 1, 'Pulhoster', 'Mélinda', '1407-02-02', '104-325-71', 'Pulhoster.Mélinda@hainaut-promsoc.be', 'yH0ABuzG', '6395 Katie Terrace'),
(1224, 5, 1, 'Bligh', 'Frédérique', '1244-06-07', '574-273-97', 'Bligh.Frédérique@hainaut-promsoc.be', '8vAnXHsKe', '98525 Arrowood Court'),
(1225, 3, 1, 'Coltart', 'Frédérique', '1665-07-23', '274-756-15', 'Coltart.Frédérique@hainaut-promsoc.be', 'NNXJ16', '02090 Warbler Trail'),
(1226, 3, 1, 'Verheyden', 'Ráo', '1536-10-25', '979-885-76', 'Verheyden.Ráo@hainaut-promsoc.be', 'Qt9w9hI93E', '58 Express Terrace'),
(1227, 4, 1, 'Renad', 'Maëlle', '1361-12-07', '576-127-79', 'Renad.Maëlle@hainaut-promsoc.be', 'SGBCukFn', '837 Service Road'),
(1228, 2, 1, 'Sanham', 'Personnalisée', '1794-03-29', '736-179-20', 'Sanham.Personnalisée@hainaut-promsoc.be', 'iqQC1OWilq', '0 Veith Lane'),
(1229, 2, 1, 'Jacobowitz', 'Pål', '1896-04-24', '784-123-84', 'Jacobowitz.Pål@hainaut-promsoc.be', 'vF7d3gNydYL', '95 Lakewood Gardens Crossing'),
(1230, 2, 1, 'Checchi', 'Maïwenn', '1922-03-10', '190-986-45', 'Checchi.Maïwenn@hainaut-promsoc.be', 'wazWl1Es8Y', '4140 Fairview Terrace'),
(1231, 2, 1, 'Longhorn', 'Cléa', '1566-10-07', '176-984-57', 'Longhorn.Cléa@hainaut-promsoc.be', 'wg6blE3', '64 American Hill'),
(1232, 5, 1, 'Ech', 'Måns', '1222-11-17', '823-595-29', 'Ech.Måns@hainaut-promsoc.be', 'fmwwIpf', '853 Logan Pass'),
(1233, 3, 1, 'Palphramand', 'Adélaïde', '1819-11-15', '992-700-48', 'Palphramand.Adélaïde@hainaut-promsoc.be', 'ifcj4C3p', '1646 Shasta Lane'),
(1234, 4, 1, 'Lindman', 'Gösta', '1361-10-31', '318-647-44', 'Lindman.Gösta@hainaut-promsoc.be', '1ogk1FJ4wbS', '589 Bay Street'),
(1235, 2, 1, 'Kaszper', 'Esbjörn', '1440-05-01', '743-547-19', 'Kaszper.Esbjörn@hainaut-promsoc.be', 'NEHB09a', '43 Daystar Terrace'),
(1236, 2, 1, 'Christoffersen', 'Maëly', '1460-01-12', '179-445-68', 'Christoffersen.Maëly@hainaut-promsoc.be', '7ITNEwR8Y', '35 Eggendart Way'),
(1237, 2, 1, 'Vanyashkin', 'Annotés', '1080-02-29', '475-990-10', 'Vanyashkin.Annotés@hainaut-promsoc.be', 'buyzsTb5', '9 Mccormick Street'),
(1238, 4, 1, 'Bickersteth', 'Léa', '1504-06-27', '702-730-81', 'Bickersteth.Léa@hainaut-promsoc.be', 'wNR6GZX', '9749 Roxbury Trail'),
(1239, 4, 1, 'Antognoni', 'Dù', '1329-05-19', '138-135-85', 'Antognoni.Dù@hainaut-promsoc.be', 'MDLCUvC', '24454 Rutledge Drive'),
(1240, 4, 1, 'Iohananof', 'Lyséa', '1908-02-08', '364-149-87', 'Iohananof.Lyséa@hainaut-promsoc.be', '8FUfADjpqw', '3095 Mockingbird Street'),
(1241, 4, 1, 'Mallard', 'Mélys', '1661-04-21', '875-281-72', 'Mallard.Mélys@hainaut-promsoc.be', 'hfwWlC3tGza', '89 John Wall Terrace'),
(1242, 1, 1, 'By', 'Intéressant', '1790-06-05', '744-531-43', 'By.Intéressant@hainaut-promsoc.be', 'aKloCM', '86 Stoughton Court'),
(1243, 3, 1, 'Perks', 'Sélène', '1082-08-22', '359-999-66', 'Perks.Sélène@hainaut-promsoc.be', 'cYkDzsG1W', '54162 Dixon Street'),
(1244, 5, 1, 'Lissenden', 'Hélène', '1180-11-04', '144-828-98', 'Lissenden.Hélène@hainaut-promsoc.be', 'GP5zy7mIYta', '2420 Blue Bill Park Terrace'),
(1245, 2, 1, 'Mabley', 'Zoé', '1481-09-10', '449-938-77', 'Mabley.Zoé@hainaut-promsoc.be', 'tSZBsoZvHb', '424 Iowa Junction'),
(1246, 5, 1, 'Muston', 'Yénora', '1790-03-23', '798-661-29', 'Muston.Yénora@hainaut-promsoc.be', 'sKAO0JPijX', '08 Hallows Park'),
(1247, 2, 1, 'Isaacs', 'Loïs', '1594-03-29', '377-100-23', 'Isaacs.Loïs@hainaut-promsoc.be', 'jf3bDdHUvi2M', '76 La Follette Place'),
(1248, 2, 1, 'Lyven', 'Laïla', '1996-11-16', '913-230-21', 'Lyven.Laïla@hainaut-promsoc.be', 'HVNUCrAPoK9', '630 Delladonna Plaza'),
(1249, 2, 1, 'Burnet', 'Wá', '1225-10-27', '189-674-69', 'Burnet.Wá@hainaut-promsoc.be', 'B45FciULF9xQ', '34 Blackbird Alley'),
(1250, 4, 1, 'Carbine', 'Françoise', '1582-03-14', '931-760-68', 'Carbine.Françoise@hainaut-promsoc.be', 'UilEkZOIMb', '142 Ohio Circle'),
(1251, 1, 1, 'German', 'Annotés', '1298-06-09', '399-699-95', 'German.Annotés@hainaut-promsoc.be', 'EMmS4D2kK2', '17722 Dahle Way'),
(1252, 1, 1, 'Bonett', 'Yóu', '1489-07-06', '686-418-19', 'Bonett.Yóu@hainaut-promsoc.be', 'smlkxZaAqHAK', '997 Killdeer Drive'),
(1253, 4, 1, 'Lewington', 'Marie-hélène', '1791-07-30', '620-903-86', 'Lewington.Marie-hélène@hainaut-promsoc.be', 'FL7AXP', '24 Mayfield Street'),
(1254, 1, 1, 'Shurrocks', 'Pélagie', '1689-06-09', '884-170-44', 'Shurrocks.Pélagie@hainaut-promsoc.be', 'dcSZNBh0NCS', '5 Mayfield Parkway'),
(1255, 4, 1, 'Bevir', 'Solène', '1499-08-06', '667-118-88', 'Bevir.Solène@hainaut-promsoc.be', 'k2msothvS6', '78 Schmedeman Park'),
(1256, 5, 1, 'Atterley', 'Anaé', '1772-04-28', '351-928-65', 'Atterley.Anaé@hainaut-promsoc.be', 'vXdF8xU', '49 Mccormick Hill'),
(1257, 3, 1, 'Caney', 'Eléa', '1379-08-10', '421-994-47', 'Caney.Eléa@hainaut-promsoc.be', 'GRLFhDOe4K', '67169 Brentwood Court'),
(1258, 3, 1, 'Stailey', 'Ruì', '1497-05-29', '655-211-09', 'Stailey.Ruì@hainaut-promsoc.be', '6Ba1XEHUY', '52 Garrison Avenue'),
(1259, 2, 1, 'Giacopelo', 'Eloïse', '1467-11-25', '410-423-46', 'Giacopelo.Eloïse@hainaut-promsoc.be', 'ItN7Zzo1ZgDe', '846 Lakeland Avenue'),
(1260, 2, 1, 'Pimlett', 'Pål', '1212-12-08', '826-392-25', 'Pimlett.Pål@hainaut-promsoc.be', '8LMBbk19', '5 Di Loreto Pass'),
(1261, 1, 1, 'Rotherforth', 'Léa', '1533-03-15', '161-304-42', 'Rotherforth.Léa@hainaut-promsoc.be', 'zT62vBt', '052 Cardinal Point'),
(1262, 4, 1, 'Beaulieu', 'Maïlys', '1336-04-21', '561-433-92', 'Beaulieu.Maïlys@hainaut-promsoc.be', '40KwnuBIWOY', '60 Brentwood Way'),
(1263, 3, 1, 'Ech', 'Mélinda', '1648-11-29', '396-131-09', 'Ech.Mélinda@hainaut-promsoc.be', '0kz6SqiZq', '88 Lakeland Road'),
(1264, 4, 1, 'Ferrotti', 'Annotés', '1687-06-18', '139-647-26', 'Ferrotti.Annotés@hainaut-promsoc.be', 'zVpc5YDL4mqD', '099 Mcbride Plaza'),
(1265, 5, 1, 'Waddoups', 'Maëlyss', '1857-01-31', '528-923-52', 'Waddoups.Maëlyss@hainaut-promsoc.be', 'sh8mPcHxhz2', '4540 Tennyson Alley'),
(1266, 2, 1, 'Hemmingway', 'Märta', '1196-04-24', '265-536-61', 'Hemmingway.Märta@hainaut-promsoc.be', 'uVDoXAoC3dLJ', '52 Claremont Pass'),
(1267, 5, 1, 'MacCall', 'Méng', '1266-05-05', '160-638-33', 'MacCall.Méng@hainaut-promsoc.be', 'OvGZOxknnVsr', '932 Northland Drive'),
(1268, 2, 1, 'Paolazzi', 'Cinéma', '1755-07-04', '881-834-96', 'Paolazzi.Cinéma@hainaut-promsoc.be', 'Y6wC9xhq0', '7 Donald Drive'),
(1269, 4, 1, 'Curreen', 'Gwenaëlle', '1965-08-01', '741-486-42', 'Curreen.Gwenaëlle@hainaut-promsoc.be', 'jNXRSXZPbAn', '1980 Mitchell Parkway'),
(1270, 4, 1, 'Leafe', 'Hélène', '1485-12-24', '571-657-42', 'Leafe.Hélène@hainaut-promsoc.be', 'rvbCRFsqi6bg', '6 Gateway Parkway'),
(1271, 2, 1, 'Mullender', 'Ráo', '1323-07-24', '149-804-73', 'Mullender.Ráo@hainaut-promsoc.be', 'BPCpSkj', '3 Dennis Place'),
(1272, 4, 1, 'Lawry', 'Tán', '1939-04-23', '693-872-95', 'Lawry.Tán@hainaut-promsoc.be', 'VHDgsiMMxk9A', '0243 Rockefeller Street'),
(1273, 1, 1, 'Wybrew', 'Desirée', '1566-07-31', '523-116-79', 'Wybrew.Desirée@hainaut-promsoc.be', 'qDgGNiQy6', '52361 Dixon Crossing'),
(1274, 2, 1, 'Damato', 'Amélie', '1474-04-02', '847-664-47', 'Damato.Amélie@hainaut-promsoc.be', '7YKNrfW', '16 Kedzie Place'),
(1275, 4, 1, 'Clemon', 'Fèi', '1567-02-21', '220-785-47', 'Clemon.Fèi@hainaut-promsoc.be', '3VTW4WqB', '675 Rieder Crossing'),
(1276, 5, 1, 'Durie', 'Clémence', '1211-12-21', '904-532-65', 'Durie.Clémence@hainaut-promsoc.be', '8ARTmf8F5s3K', '07553 Arapahoe Road'),
(1277, 3, 1, 'Tevlin', 'Clémentine', '1748-03-09', '260-788-60', 'Tevlin.Clémentine@hainaut-promsoc.be', 'VIQxAV', '1 Duke Circle'),
(1278, 2, 1, 'Matoshin', 'Séverine', '1087-09-17', '157-235-69', 'Matoshin.Séverine@hainaut-promsoc.be', 'lAJ0AY8', '637 Del Mar Point'),
(1279, 4, 1, 'Matiewe', 'Dorothée', '1232-01-27', '796-891-60', 'Matiewe.Dorothée@hainaut-promsoc.be', 'TnjVvn', '36139 Di Loreto Road'),
(1280, 5, 1, 'Reasun', 'Almérinda', '1658-09-15', '266-421-03', 'Reasun.Almérinda@hainaut-promsoc.be', '9eMgnu', '47813 Westerfield Crossing'),
(1281, 1, 1, 'Shuxsmith', 'Stéphanie', '1104-09-25', '194-297-96', 'Shuxsmith.Stéphanie@hainaut-promsoc.be', 'qi6AcGQLTEUK', '7 Ohio Hill'),
(1282, 2, 1, 'Curmi', 'Vénus', '1301-01-26', '747-972-29', 'Curmi.Vénus@hainaut-promsoc.be', 'OtfYyk', '3 Waxwing Alley'),
(1283, 2, 1, 'Bolesma', 'André', '1701-04-11', '462-234-17', 'Bolesma.André@hainaut-promsoc.be', 'XFWrX6', '2 Pine View Point'),
(1284, 2, 1, 'Hollingdale', 'Garçon', '1899-05-14', '564-159-24', 'Hollingdale.Garçon@hainaut-promsoc.be', 'DgxIQS5vl', '55 Erie Point'),
(1285, 5, 1, 'Lovelock', 'Béatrice', '1307-06-30', '545-874-75', 'Lovelock.Béatrice@hainaut-promsoc.be', '8BDi6wjSSNqC', '8186 Washington Point'),
(1286, 3, 1, 'Instrell', 'Mélinda', '1629-12-14', '645-740-99', 'Instrell.Mélinda@hainaut-promsoc.be', 'Dz5nMz16H4y', '29 Di Loreto Circle'),
(1287, 5, 1, 'Hartley', 'Hélène', '1816-04-20', '682-670-32', 'Hartley.Hélène@hainaut-promsoc.be', 'OYi7wo6', '4195 Anhalt Circle'),
(1288, 4, 1, 'Sisland', 'Esbjörn', '1508-12-28', '141-250-87', 'Sisland.Esbjörn@hainaut-promsoc.be', 'HKdsJ8KO1', '01727 Utah Center'),
(1289, 3, 1, 'Bascombe', 'Maï', '1230-08-31', '301-942-20', 'Bascombe.Maï@hainaut-promsoc.be', 'rrHRMM7mC2', '303 Erie Drive'),
(1290, 3, 1, 'Goldis', 'Maëly', '1696-07-11', '347-627-24', 'Goldis.Maëly@hainaut-promsoc.be', 'fpKc5rwsG', '86 Hovde Center'),
(1291, 3, 1, 'Bartke', 'Liè', '1869-09-01', '992-652-66', 'Bartke.Liè@hainaut-promsoc.be', 'gJA45uhYT8', '5727 Oakridge Parkway'),
(1292, 2, 1, 'MacLure', 'Bérengère', '1843-11-16', '674-270-48', 'MacLure.Bérengère@hainaut-promsoc.be', 'ovxyUZVH2Q', '67243 Pankratz Pass'),
(1293, 3, 1, 'Iacapucci', 'Clélia', '1578-07-03', '701-294-59', 'Iacapucci.Clélia@hainaut-promsoc.be', 'ohVdmIr9', '826 Commercial Place'),
(1294, 1, 1, 'Davley', 'Réjane', '1118-05-08', '370-316-20', 'Davley.Réjane@hainaut-promsoc.be', 'u37ktgCuas', '06291 Fair Oaks Hill'),
(1295, 4, 1, 'Dobrowski', 'Åke', '1600-02-19', '614-560-94', 'Dobrowski.Åke@hainaut-promsoc.be', 'YjkjPB2XJw', '61281 Bultman Park'),
(1296, 2, 1, 'Jakobsson', 'Desirée', '1810-01-02', '657-471-89', 'Jakobsson.Desirée@hainaut-promsoc.be', 'PQT8og1aw6', '1 Harbort Street'),
(1297, 4, 1, 'Winspire', 'Félicie', '1936-06-04', '693-141-16', 'Winspire.Félicie@hainaut-promsoc.be', 'sslxqG99T', '95447 Daystar Alley'),
(1298, 3, 1, 'Jepp', 'Pål', '1737-06-15', '820-766-22', 'Jepp.Pål@hainaut-promsoc.be', 'y8Ttm7', '06974 Stang Center'),
(1299, 2, 1, 'Chataignier', 'Björn', '1156-08-04', '841-211-53', 'Chataignier.Björn@hainaut-promsoc.be', '3BrKTWL7b7XY', '0231 Bartillon Drive'),
(1300, 5, 1, 'Clandillon', 'Marie-françoise', '1628-03-26', '286-650-03', 'Clandillon.Marie-françoise@hainaut-promsoc.be', 'JR1jWlVWcMN', '67 Arizona Center'),
(1301, 2, 1, 'Gillimgham', 'Intéressant', '1634-03-17', '125-667-80', 'Gillimgham.Intéressant@hainaut-promsoc.be', 'rPBtNo6Bewg', '19584 Manufacturers Lane'),
(1302, 3, 1, 'Spriggs', 'Solène', '1826-03-08', '172-223-01', 'Spriggs.Solène@hainaut-promsoc.be', 'kkbYEm', '31602 Merrick Street'),
(1303, 4, 1, 'Maggi', 'Méng', '1696-12-13', '497-280-96', 'Maggi.Méng@hainaut-promsoc.be', 'uzUcH2L', '5 Welch Place'),
(1304, 2, 1, 'Scutcheon', 'Aí', '1468-03-31', '622-647-65', 'Scutcheon.Aí@hainaut-promsoc.be', 'AZbGEsAiL', '2706 Schurz Crossing'),
(1305, 1, 1, 'Wickersley', 'Faîtes', '1713-05-17', '376-402-03', 'Wickersley.Faîtes@hainaut-promsoc.be', 'fVTtxzGHO', '15 Algoma Crossing'),
(1306, 1, 1, 'Lowrance', 'Loïc', '1858-11-08', '642-919-78', 'Lowrance.Loïc@hainaut-promsoc.be', 'Q9Ms6Xm', '8228 Nelson Drive'),
(1307, 2, 1, 'Barwick', 'Gisèle', '1306-04-09', '578-283-48', 'Barwick.Gisèle@hainaut-promsoc.be', 'xVg7xeE', '3 Gulseth Trail'),
(1308, 2, 1, 'Lantiff', 'Méghane', '1253-12-01', '801-778-78', 'Lantiff.Méghane@hainaut-promsoc.be', 'uqEHzIo', '344 Delaware Avenue'),
(1309, 4, 1, 'Welberry', 'Maïwenn', '1724-10-29', '314-373-91', 'Welberry.Maïwenn@hainaut-promsoc.be', 'avo0eH', '2081 Dayton Street'),
(1310, 1, 1, 'Weedon', 'Mélia', '1808-08-19', '926-475-62', 'Weedon.Mélia@hainaut-promsoc.be', 'Vy4YWvLaR6', '29 Bartillon Park'),
(1311, 5, 1, 'Morsley', 'Märta', '1856-03-25', '818-872-46', 'Morsley.Märta@hainaut-promsoc.be', '0MWOLVr2LDM', '35274 Oak Valley Plaza'),
(1312, 4, 1, 'Postance', 'Anaïs', '1191-03-02', '975-109-35', 'Postance.Anaïs@hainaut-promsoc.be', 'PpOMfn1YEYy', '0340 Marquette Road'),
(1313, 2, 1, 'Gainfort', 'Håkan', '1165-07-07', '255-225-02', 'Gainfort.Håkan@hainaut-promsoc.be', 'eXxreL4Dk', '60615 Mifflin Plaza'),
(1314, 5, 1, 'Soaper', 'Annotée', '1440-02-24', '212-707-89', 'Soaper.Annotée@hainaut-promsoc.be', 'MFYgMPBZ81ml', '79329 Pepper Wood Way'),
(1315, 1, 1, 'Craik', 'Mégane', '1232-01-24', '773-189-23', 'Craik.Mégane@hainaut-promsoc.be', 'uVYef1A1mJ', '29638 Summit Pass'),
(1316, 1, 1, 'Cottrell', 'Chloé', '1690-02-09', '938-230-01', 'Cottrell.Chloé@hainaut-promsoc.be', 'MBKtXvj1vZ', '672 Kedzie Way'),
(1317, 2, 1, 'Benford', 'Maï', '1389-06-04', '452-914-52', 'Benford.Maï@hainaut-promsoc.be', 'vLOw4LXJmc35', '70 Esch Way'),
(1318, 4, 1, 'Wemyss', 'Loïs', '1194-07-22', '261-712-24', 'Wemyss.Loïs@hainaut-promsoc.be', 'OYUQ1QiIAPr', '2 Delladonna Trail'),
(1319, 3, 1, 'Blunsum', 'Faîtes', '1907-11-03', '146-615-16', 'Blunsum.Faîtes@hainaut-promsoc.be', 'hF36VPxxMwY', '547 Hoepker Terrace'),
(1320, 3, 1, 'Strugnell', 'Andréa', '1728-12-19', '774-596-98', 'Strugnell.Andréa@hainaut-promsoc.be', 'eA4afIxB', '0827 Harper Alley'),
(1321, 5, 1, 'Steptow', 'Maïlys', '1257-03-12', '317-268-41', 'Steptow.Maïlys@hainaut-promsoc.be', 'qYqdSna6DGRp', '45 Morningstar Place'),
(1322, 3, 1, 'Pendre', 'Océanne', '1376-10-05', '757-359-14', 'Pendre.Océanne@hainaut-promsoc.be', 'zBoKTyEzq', '1347 Tennyson Lane'),
(1323, 1, 1, 'Freiburger', 'Yè', '1793-12-21', '804-298-11', 'Freiburger.Yè@hainaut-promsoc.be', '9ZL5Ds3', '504 Blaine Road'),
(1324, 2, 1, 'Paynes', 'Bérénice', '1860-01-07', '939-125-98', 'Paynes.Bérénice@hainaut-promsoc.be', 'HNNLQl', '47 Susan Circle'),
(1325, 3, 1, 'Grandisson', 'Cloé', '1467-03-25', '890-142-74', 'Grandisson.Cloé@hainaut-promsoc.be', 'Qms58UV0k', '453 Homewood Way'),
(1326, 3, 1, 'Cottey', 'Mélinda', '1497-09-01', '908-443-64', 'Cottey.Mélinda@hainaut-promsoc.be', 'lz2YimVjcmc', '736 1st Lane'),
(1327, 3, 1, 'Barneville', 'Uò', '1894-10-06', '835-364-69', 'Barneville.Uò@hainaut-promsoc.be', '8yylH3Y', '889 Carioca Trail'),
(1328, 1, 1, 'Bishop', 'Uò', '1461-08-20', '812-133-80', 'Bishop.Uò@hainaut-promsoc.be', 'd4arwoeMg', '25674 Oakridge Place'),
(1329, 3, 1, 'Vaisey', 'Andrée', '1310-07-12', '253-578-56', 'Vaisey.Andrée@hainaut-promsoc.be', 'oObJ8bp', '6 Acker Crossing'),
(1330, 2, 1, 'Insall', 'Renée', '1552-07-07', '503-634-10', 'Insall.Renée@hainaut-promsoc.be', 'T7VlJYf', '183 South Parkway'),
(1331, 4, 1, 'Donan', 'Cunégonde', '1521-09-24', '114-194-95', 'Donan.Cunégonde@hainaut-promsoc.be', 'BS2JJOV', '89314 Ronald Regan Point'),
(1332, 3, 1, 'Culross', 'Néhémie', '1558-12-09', '571-964-30', 'Culross.Néhémie@hainaut-promsoc.be', '6yIJzJ', '78536 Grover Hill'),
(1333, 3, 1, 'Pantone', 'Véronique', '1592-11-21', '991-907-03', 'Pantone.Véronique@hainaut-promsoc.be', 'aevXTXP', '263 Lawn Avenue'),
(1334, 2, 1, 'Trussell', 'Noëlla', '1166-09-05', '164-364-65', 'Trussell.Noëlla@hainaut-promsoc.be', 'TKhJclU', '412 Bellgrove Junction'),
(1335, 2, 1, 'Thal', 'Lén', '1100-09-26', '739-539-68', 'Thal.Lén@hainaut-promsoc.be', 'XeidS4Ker0Zs', '469 Weeping Birch Lane'),
(1336, 3, 1, 'Drury', 'Ráo', '1541-07-19', '152-301-59', 'Drury.Ráo@hainaut-promsoc.be', 'k9qlz1KezW', '9 Rigney Pass'),
(1337, 1, 1, 'Mellows', 'Hélèna', '1906-08-17', '607-171-81', 'Mellows.Hélèna@hainaut-promsoc.be', 'tcmYkK', '3 Nancy Road'),
(1338, 4, 1, 'Bussons', 'Véronique', '1284-07-21', '659-671-06', 'Bussons.Véronique@hainaut-promsoc.be', 'uKPUuR', '87 Blaine Place'),
(1339, 1, 1, 'Folca', 'Pål', '1594-05-20', '447-530-16', 'Folca.Pål@hainaut-promsoc.be', 'wup4Yft7', '62175 Memorial Way'),
(1340, 3, 1, 'Duddy', 'Athéna', '1157-08-22', '186-188-94', 'Duddy.Athéna@hainaut-promsoc.be', '0UJnk2Jx9', '455 Union Circle'),
(1341, 4, 1, 'Searston', 'Hélène', '1878-05-31', '911-768-62', 'Searston.Hélène@hainaut-promsoc.be', 'D1me1f', '4699 Fairview Lane'),
(1342, 3, 1, 'Malin', 'Anaëlle', '1295-10-30', '230-303-13', 'Malin.Anaëlle@hainaut-promsoc.be', 'hS42MVqIkh2X', '20 Anzinger Junction'),
(1343, 4, 1, 'Outram', 'Audréanne', '1860-05-28', '558-586-16', 'Outram.Audréanne@hainaut-promsoc.be', 'o3Y5PyQiDwg', '76650 4th Pass'),
(1344, 2, 1, 'Flockhart', 'Léone', '1416-09-29', '879-742-40', 'Flockhart.Léone@hainaut-promsoc.be', 'g3P1aW3', '14429 Truax Court'),
(1345, 4, 1, 'Eddisford', 'Illustrée', '1895-08-01', '539-685-80', 'Eddisford.Illustrée@hainaut-promsoc.be', 'f6X6TqfBFC', '25985 Stuart Terrace'),
(1346, 3, 1, 'Ferrolli', 'Dà', '1718-12-21', '788-429-15', 'Ferrolli.Dà@hainaut-promsoc.be', 'fsvv8wKQCuQC', '32039 Nova Center'),
(1347, 2, 1, 'Wittrington', 'Annotés', '1400-04-22', '110-421-15', 'Wittrington.Annotés@hainaut-promsoc.be', 'EeBvIoaKiF', '8 Bluejay Center'),
(1348, 3, 1, 'Greenalf', 'Médiamass', '1221-07-21', '628-614-57', 'Greenalf.Médiamass@hainaut-promsoc.be', 'WQg76yI71', '67645 Hudson Drive'),
(1349, 1, 1, 'Denisovich', 'Chloé', '1270-01-26', '955-396-93', 'Denisovich.Chloé@hainaut-promsoc.be', '7yB8CsecU', '784 Stephen Park'),
(1350, 5, 1, 'Denness', 'Faîtes', '1464-04-17', '342-370-04', 'Denness.Faîtes@hainaut-promsoc.be', '96CMNA33t', '64 Hagan Terrace'),
(1351, 4, 1, 'Simonazzi', 'Lèi', '1857-03-08', '456-431-93', 'Simonazzi.Lèi@hainaut-promsoc.be', 'yW7ljWP6sD3l', '28 Sage Park'),
(1352, 1, 1, 'Kleinert', 'Kù', '1660-03-11', '599-833-24', 'Kleinert.Kù@hainaut-promsoc.be', '2S7yuB0bYhD', '0743 Kipling Plaza'),
(1353, 2, 1, 'Metzing', 'Tú', '1658-09-09', '420-547-09', 'Metzing.Tú@hainaut-promsoc.be', 'cf6sZ1AI', '279 Loomis Street'),
(1354, 3, 1, 'Drable', 'Valérie', '1376-08-29', '507-542-07', 'Drable.Valérie@hainaut-promsoc.be', 'Y36TH7x', '84 Larry Parkway'),
(1355, 5, 1, 'Fessby', 'Adèle', '1714-11-14', '186-906-59', 'Fessby.Adèle@hainaut-promsoc.be', 'YRxZ98wdNf', '230 Coolidge Place'),
(1356, 2, 1, 'Bettesworth', 'Táng', '1168-05-22', '845-203-64', 'Bettesworth.Táng@hainaut-promsoc.be', 'hccp0XoI3', '5896 Thierer Pass'),
(1357, 4, 1, 'Revens', 'André', '1181-07-06', '202-106-91', 'Revens.André@hainaut-promsoc.be', '7GCXh8j', '68 Muir Parkway'),
(1358, 3, 1, 'Borkin', 'Mélinda', '1999-06-06', '553-149-52', 'Borkin.Mélinda@hainaut-promsoc.be', 'iyA0mOAX', '6702 Ramsey Crossing'),
(1359, 3, 1, 'Arne', 'Maëly', '1591-06-25', '387-821-99', 'Arne.Maëly@hainaut-promsoc.be', 'b7JZjS7ZvwKs', '861 Muir Crossing'),
(1360, 1, 1, 'Savill', 'Marylène', '1429-01-01', '884-315-92', 'Savill.Marylène@hainaut-promsoc.be', 'XgT4PHJ', '4 Scofield Alley'),
(1361, 2, 1, 'Tregoning', 'Personnalisée', '1565-01-28', '759-678-72', 'Tregoning.Personnalisée@hainaut-promsoc.be', 'izmvC0SH', '53 Arkansas Avenue'),
(1362, 3, 1, 'Bulfield', 'Rébecca', '1119-12-28', '495-278-89', 'Bulfield.Rébecca@hainaut-promsoc.be', 'AOTRx8', '97 Service Plaza'),
(1363, 3, 1, 'Trigwell', 'Maïwenn', '1429-12-10', '967-221-23', 'Trigwell.Maïwenn@hainaut-promsoc.be', 'cr3BNbdkK', '1 Corry Terrace'),
(1364, 5, 1, 'Heinlein', 'Gaétane', '1512-07-07', '167-766-08', 'Heinlein.Gaétane@hainaut-promsoc.be', 'LxUVbHZ3g', '63903 Muir Parkway'),
(1365, 5, 1, 'Dunbobbin', 'Cécile', '1822-02-03', '913-154-65', 'Dunbobbin.Cécile@hainaut-promsoc.be', '5d34Kj1', '867 Tennyson Plaza'),
(1366, 4, 1, 'Frobisher', 'Kévina', '1303-08-24', '187-462-90', 'Frobisher.Kévina@hainaut-promsoc.be', '5WIR8eNWKyVh', '1 Dayton Park'),
(1367, 3, 1, 'Lorkins', 'Marlène', '1769-09-05', '324-163-21', 'Lorkins.Marlène@hainaut-promsoc.be', 'eO2ouJl6zS7', '73344 Granby Crossing'),
(1368, 5, 1, 'Choat', 'Gisèle', '1811-01-05', '738-760-11', 'Choat.Gisèle@hainaut-promsoc.be', 'LvTxveshNEs', '9 La Follette Drive'),
(1369, 4, 1, 'Van De Cappelle', 'Mélys', '1503-02-02', '153-675-53', 'Van De Cappelle.Mélys@hainaut-promsoc.be', 'yzk0i5yB', '0 Weeping Birch Court'),
(1370, 1, 1, 'Rudgley', 'Åsa', '1575-07-05', '228-476-33', 'Rudgley.Åsa@hainaut-promsoc.be', 'COZ6oO', '64384 Pennsylvania Trail'),
(1371, 1, 1, 'Schulze', 'Mélys', '1195-10-11', '133-369-48', 'Schulze.Mélys@hainaut-promsoc.be', 'poAzMs', '95 Barby Junction'),
(1372, 1, 1, 'Harley', 'Andréa', '1253-10-03', '490-213-63', 'Harley.Andréa@hainaut-promsoc.be', 'spfX93m', '20 Little Fleur Lane'),
(1373, 5, 1, 'Poetz', 'Estève', '1153-01-17', '137-195-57', 'Poetz.Estève@hainaut-promsoc.be', 'PqbwmyVi3', '7 Kenwood Pass'),
(1374, 4, 1, 'Mager', 'Michèle', '1316-09-28', '835-102-16', 'Mager.Michèle@hainaut-promsoc.be', '4A4R81UU', '0465 Armistice Road');
INSERT INTO `personne` (`ID`, `ID_SECTION`, `ID_STATUT`, `NOM`, `PRENOM`, `DDN`, `TELEPHONE`, `EMAIL`, `PASSWORD`, `ADRESSE`) VALUES
(1375, 1, 1, 'Argyle', 'Adélie', '1965-03-19', '647-858-41', 'Argyle.Adélie@hainaut-promsoc.be', 'uUxjUkZoF9X', '678 8th Drive'),
(1376, 4, 1, 'Oneile', 'Eugénie', '1440-08-06', '641-116-17', 'Oneile.Eugénie@hainaut-promsoc.be', 'LYtPQWL7k', '94107 Bayside Circle'),
(1377, 5, 1, 'Rolfe', 'Maëlys', '1254-09-22', '249-957-36', 'Rolfe.Maëlys@hainaut-promsoc.be', 'YaHFlqVl2', '07 Judy Hill'),
(1378, 1, 1, 'Jefferys', 'Valérie', '1887-02-11', '626-297-26', 'Jefferys.Valérie@hainaut-promsoc.be', 'gW6nMDQ4J1F', '4367 Hanover Road'),
(1379, 4, 1, 'Doutch', 'Loïc', '1624-07-14', '116-286-44', 'Doutch.Loïc@hainaut-promsoc.be', 'DboaB6OgD526', '19 Old Shore Court'),
(1380, 1, 1, 'Corbett', 'Jú', '1709-10-14', '360-728-95', 'Corbett.Jú@hainaut-promsoc.be', '1WXzjlZeL', '87545 Rowland Junction'),
(1381, 5, 1, 'Cromblehome', 'Gisèle', '1679-05-07', '972-365-75', 'Cromblehome.Gisèle@hainaut-promsoc.be', '6K0kheEUOy', '8323 Columbus Street'),
(1382, 3, 1, 'Riall', 'Pål', '1660-03-29', '236-281-64', 'Riall.Pål@hainaut-promsoc.be', 'veYR4Ze', '4 Cardinal Place'),
(1383, 4, 1, 'Barta', 'Léandre', '1558-08-25', '798-927-61', 'Barta.Léandre@hainaut-promsoc.be', 'x27rhQ5', '1 Waubesa Way'),
(1384, 1, 1, 'Jeacock', 'Régine', '1913-11-25', '893-410-52', 'Jeacock.Régine@hainaut-promsoc.be', 'dsYU0fDKYcv', '294 Namekagon Way'),
(1385, 2, 1, 'Roby', 'Faîtes', '1686-12-24', '214-763-40', 'Roby.Faîtes@hainaut-promsoc.be', 'YpWvEh0hhYY', '39 Helena Street'),
(1386, 4, 1, 'Easton', 'Zoé', '1512-06-01', '922-812-77', 'Easton.Zoé@hainaut-promsoc.be', 'jseIVPWArm7E', '0501 Park Meadow Pass'),
(1387, 3, 1, 'Sackur', 'Lauréna', '1976-06-10', '168-934-16', 'Sackur.Lauréna@hainaut-promsoc.be', 'RhyNGykRS', '15397 Nancy Pass'),
(1388, 3, 1, 'Mellon', 'Gisèle', '1175-12-28', '264-310-36', 'Mellon.Gisèle@hainaut-promsoc.be', 'CHcW4u', '8032 Tomscot Hill'),
(1389, 1, 1, 'Hansie', 'Lén', '1505-10-23', '312-776-49', 'Hansie.Lén@hainaut-promsoc.be', 'o4ACrbyGg', '7 Crest Line Alley'),
(1390, 2, 1, 'Chevin', 'Pål', '1377-10-09', '763-661-83', 'Chevin.Pål@hainaut-promsoc.be', 'U0Lx7GwxG', '1581 Pawling Park'),
(1391, 2, 1, 'Erdes', 'Mélissandre', '1612-11-08', '288-983-33', 'Erdes.Mélissandre@hainaut-promsoc.be', 'Q33C3we', '87995 Talisman Park'),
(1392, 1, 1, 'Murrey', 'Kù', '1993-08-06', '754-178-60', 'Murrey.Kù@hainaut-promsoc.be', 'vsP3OOm', '48437 Commercial Drive'),
(1393, 5, 1, 'Leicester', 'Gisèle', '1281-12-09', '329-346-41', 'Leicester.Gisèle@hainaut-promsoc.be', 'ri6XVLH', '0230 Melvin Circle'),
(1394, 2, 1, 'Pfeiffer', 'Léana', '1324-12-10', '592-449-59', 'Pfeiffer.Léana@hainaut-promsoc.be', 'C8K008CK5', '4 Cascade Alley'),
(1395, 1, 1, 'Dearell', 'Judicaël', '1317-11-11', '887-565-69', 'Dearell.Judicaël@hainaut-promsoc.be', 'KFvR5zt', '2912 Loftsgordon Court'),
(1396, 5, 1, 'Garfitt', 'Åsa', '1355-08-29', '775-827-04', 'Garfitt.Åsa@hainaut-promsoc.be', 'kVFoYke420', '51070 Northview Place'),
(1397, 5, 1, 'Gurge', 'Tán', '1351-08-08', '617-757-71', 'Gurge.Tán@hainaut-promsoc.be', 'wLOwvl7g51A', '30 Chinook Center'),
(1398, 3, 1, 'Benettelli', 'Naéva', '1355-02-20', '678-130-62', 'Benettelli.Naéva@hainaut-promsoc.be', '3ai3FzPRAa', '102 Surrey Circle'),
(1399, 5, 1, 'Corselles', 'Lén', '1173-05-28', '937-506-72', 'Corselles.Lén@hainaut-promsoc.be', 'vLBL8n', '8523 Stephen Street'),
(1400, 5, 1, 'Terzo', 'Thérèse', '1410-10-01', '718-113-19', 'Terzo.Thérèse@hainaut-promsoc.be', 'FENZNU', '476 Sauthoff Plaza'),
(1401, 2, 1, 'Thorp', 'Maëlla', '1793-07-23', '370-697-42', 'Thorp.Maëlla@hainaut-promsoc.be', 'nlwpAq0vs', '9172 Arrowood Circle'),
(1402, 2, 1, 'Blanshard', 'Maëlle', '1192-08-21', '315-665-88', 'Blanshard.Maëlle@hainaut-promsoc.be', 'aO2eMmuLBaR', '1 Melody Drive'),
(1403, 5, 1, 'Mitkov', 'Jú', '1950-03-20', '209-936-53', 'Mitkov.Jú@hainaut-promsoc.be', 'JBrEN9er6Az', '87840 Knutson Drive'),
(1404, 3, 1, 'Adanez', 'Nuó', '1871-07-08', '316-790-70', 'Adanez.Nuó@hainaut-promsoc.be', '4bnL7CgadD9F', '1 Sutherland Terrace'),
(1405, 2, 1, 'Dennick', 'Tú', '1985-10-11', '106-852-64', 'Dennick.Tú@hainaut-promsoc.be', 'jZC8NGQV2A', '733 Alpine Court'),
(1406, 1, 1, 'Pettinger', 'Styrbjörn', '1073-03-30', '721-338-45', 'Pettinger.Styrbjörn@hainaut-promsoc.be', 'cMWQ8mkQ2Sxn', '34 Packers Hill'),
(1407, 3, 1, 'Niesel', 'Marie-josée', '1442-10-29', '822-653-64', 'Niesel.Marie-josée@hainaut-promsoc.be', 'hw2N0aZ8', '56872 Summerview Way'),
(1408, 1, 1, 'Grassett', 'Nélie', '1999-03-17', '929-915-15', 'Grassett.Nélie@hainaut-promsoc.be', '0SvkmT', '6 Hagan Trail'),
(1409, 2, 1, 'Bogeys', 'Thérèsa', '1852-10-24', '928-110-72', 'Bogeys.Thérèsa@hainaut-promsoc.be', 'kN6tqdYUQn', '8 Ohio Point'),
(1410, 2, 1, 'Corriea', 'Kévina', '1460-10-23', '187-519-84', 'Corriea.Kévina@hainaut-promsoc.be', '7YhtJa4', '4669 Graceland Alley'),
(1411, 3, 1, 'Kattenhorn', 'Adèle', '1457-04-21', '150-114-47', 'Kattenhorn.Adèle@hainaut-promsoc.be', 'ZmC3KxHs', '14 Mayer Terrace'),
(1412, 5, 1, 'Grogan', 'Maïwenn', '1259-08-15', '491-418-00', 'Grogan.Maïwenn@hainaut-promsoc.be', 'Nk5MVJCF', '1 Towne Trail'),
(1413, 5, 1, 'Illsley', 'Régine', '1523-11-18', '974-793-43', 'Illsley.Régine@hainaut-promsoc.be', 'lNsnA8', '1 Northfield Parkway'),
(1414, 1, 1, 'Shepherdson', 'Mylène', '1437-01-12', '387-559-84', 'Shepherdson.Mylène@hainaut-promsoc.be', 'ecNt1g2BJ', '045 Meadow Valley Street'),
(1415, 4, 1, 'Jersch', 'Anaé', '1312-06-23', '561-914-63', 'Jersch.Anaé@hainaut-promsoc.be', 'jM8afZ0JTGC', '0291 2nd Hill'),
(1416, 1, 1, 'Laming', 'Tú', '1754-08-15', '494-510-25', 'Laming.Tú@hainaut-promsoc.be', '1rHlnDh9ts', '48317 Kedzie Terrace'),
(1417, 1, 1, 'Byers', 'Crééz', '1820-07-26', '132-397-81', 'Byers.Crééz@hainaut-promsoc.be', 'u2NOYc', '44 Artisan Plaza'),
(1418, 1, 1, 'Smallcombe', 'Aurélie', '1498-03-01', '513-769-72', 'Smallcombe.Aurélie@hainaut-promsoc.be', 'xKh1epOEp', '6 Dahle Lane'),
(1419, 2, 1, 'Thomke', 'Danièle', '1457-08-30', '610-237-82', 'Thomke.Danièle@hainaut-promsoc.be', 'ZFi5DNu8N4', '7295 1st Parkway'),
(1420, 3, 1, 'Rosita', 'Göran', '1924-03-23', '577-961-49', 'Rosita.Göran@hainaut-promsoc.be', '1llWOXlDyE', '70824 Warrior Alley'),
(1421, 2, 1, 'Moffett', 'Hélèna', '1707-10-15', '738-675-94', 'Moffett.Hélèna@hainaut-promsoc.be', 'sL6tpYiv7', '8461 Green Trail'),
(1422, 5, 1, 'Boultwood', 'Maëline', '1779-01-14', '439-343-02', 'Boultwood.Maëline@hainaut-promsoc.be', 'kXFFEj', '1 Forster Parkway'),
(1423, 1, 1, 'Henmarsh', 'Marylène', '1667-12-21', '610-876-85', 'Henmarsh.Marylène@hainaut-promsoc.be', '5MXXJVuZnUPu', '51415 Nancy Parkway'),
(1424, 5, 1, 'Sorsby', 'Maëlys', '1516-11-07', '382-351-47', 'Sorsby.Maëlys@hainaut-promsoc.be', 'KJoW9m9sV2', '173 3rd Way'),
(1425, 3, 1, 'Hardwell', 'Tú', '1839-04-29', '312-526-92', 'Hardwell.Tú@hainaut-promsoc.be', '6B8yMgqYBcBx', '71763 Mallory Point'),
(1426, 1, 1, 'Ryde', 'Béatrice', '1965-08-17', '717-397-74', 'Ryde.Béatrice@hainaut-promsoc.be', 'XevLpiFgC', '466 Shelley Way'),
(1427, 3, 1, 'Shelp', 'Cinéma', '1997-03-08', '823-305-37', 'Shelp.Cinéma@hainaut-promsoc.be', '9DtA9IsvCw', '57989 Clemons Place'),
(1428, 4, 1, 'Gerrelt', 'Mylène', '1368-03-28', '355-693-38', 'Gerrelt.Mylène@hainaut-promsoc.be', 'rMWQWZpC4Z6p', '582 Kinsman Alley'),
(1429, 2, 1, 'Jerratsch', 'Cécile', '1499-11-22', '521-249-19', 'Jerratsch.Cécile@hainaut-promsoc.be', 'CKAoa5QDt', '05 Northwestern Park'),
(1430, 4, 1, 'Gennerich', 'Eloïse', '1484-05-01', '268-788-54', 'Gennerich.Eloïse@hainaut-promsoc.be', '78e17Pj2Hm6', '05381 Oak Valley Junction'),
(1431, 1, 1, 'Espley', 'Cinéma', '1482-02-07', '840-386-55', 'Espley.Cinéma@hainaut-promsoc.be', 'ZZaDoAJ', '7360 Green Court'),
(1432, 3, 1, 'Jefferd', 'Ruò', '1664-03-04', '816-786-84', 'Jefferd.Ruò@hainaut-promsoc.be', 'DGflGYqZe', '5126 Brentwood Pass'),
(1433, 2, 1, 'Askham', 'Sélène', '1865-03-25', '888-112-68', 'Askham.Sélène@hainaut-promsoc.be', '58W5Qbvy2sNZ', '199 Brentwood Terrace'),
(1434, 3, 1, 'Figures', 'Estève', '1954-12-24', '845-155-98', 'Figures.Estève@hainaut-promsoc.be', 'qL91YUH', '81907 Portage Terrace'),
(1435, 1, 1, 'Klemke', 'Aloïs', '1806-03-11', '622-610-70', 'Klemke.Aloïs@hainaut-promsoc.be', 'UGrFSmJ', '475 David Place'),
(1436, 4, 1, 'Renfree', 'Torbjörn', '1173-12-23', '473-336-59', 'Renfree.Torbjörn@hainaut-promsoc.be', 'rIouGpXdZ2', '2922 Golf View Hill'),
(1437, 3, 1, 'Grzeszczyk', 'Cunégonde', '1949-02-01', '787-998-31', 'Grzeszczyk.Cunégonde@hainaut-promsoc.be', 'u8QFvwIHs', '44 Nelson Avenue'),
(1438, 4, 1, 'Pitrelli', 'Eugénie', '1390-07-03', '745-750-44', 'Pitrelli.Eugénie@hainaut-promsoc.be', 'le5dtnGLSkg', '47208 Laurel Point'),
(1439, 1, 1, 'Bloan', 'Joséphine', '1786-04-12', '582-770-00', 'Bloan.Joséphine@hainaut-promsoc.be', 'WFlWXS73zE', '4 Clemons Lane'),
(1440, 2, 1, 'Cornelleau', 'Marie-josée', '1292-04-23', '577-631-97', 'Cornelleau.Marie-josée@hainaut-promsoc.be', 'TU2kF5UT1', '3006 Esch Alley'),
(1441, 2, 1, 'Andrivot', 'Hélène', '1447-10-13', '621-419-01', 'Andrivot.Hélène@hainaut-promsoc.be', 'vaIlkXY', '4578 Sherman Circle'),
(1442, 1, 1, 'Aneley', 'Maëlann', '1627-04-10', '757-156-41', 'Aneley.Maëlann@hainaut-promsoc.be', 'oQ1Z2PoE', '8007 Trailsway Circle'),
(1443, 2, 1, 'Dalliwatr', 'Simplifiés', '1490-02-13', '350-210-59', 'Dalliwatr.Simplifiés@hainaut-promsoc.be', '4IqxhiMU', '079 Anniversary Place'),
(1444, 1, 1, 'Stringman', 'Styrbjörn', '1658-08-04', '488-749-55', 'Stringman.Styrbjörn@hainaut-promsoc.be', 'Wf3bOq', '457 Aberg Point'),
(1445, 4, 1, 'Pinnigar', 'Pål', '1898-11-30', '207-971-08', 'Pinnigar.Pål@hainaut-promsoc.be', 'fEJNIOPwe', '37516 Del Mar Court'),
(1446, 5, 1, 'Donahue', 'Vérane', '1430-11-11', '693-839-49', 'Donahue.Vérane@hainaut-promsoc.be', 'LpT3Gsm4tC', '270 1st Parkway'),
(1447, 2, 1, 'Breyt', 'Anaé', '1178-04-13', '721-967-37', 'Breyt.Anaé@hainaut-promsoc.be', '94mS2m', '301 Luster Parkway'),
(1448, 5, 1, 'Lewington', 'Mélys', '1095-02-09', '787-109-08', 'Lewington.Mélys@hainaut-promsoc.be', 'lQZBGTc', '84 Fisk Plaza'),
(1449, 3, 1, 'Slemming', 'Dafnée', '1271-07-05', '461-784-23', 'Slemming.Dafnée@hainaut-promsoc.be', 'vVXpSKIh9', '04050 Tennyson Road'),
(1450, 1, 1, 'Biggans', 'Renée', '1978-04-02', '417-106-61', 'Biggans.Renée@hainaut-promsoc.be', 'MzC9KXX2w', '30112 Bluestem Parkway'),
(1451, 3, 1, 'Cradey', 'Zoé', '1587-06-12', '929-698-30', 'Cradey.Zoé@hainaut-promsoc.be', 'eReLMBk', '16 Pepper Wood Street'),
(1452, 2, 1, 'Skullet', 'Yénora', '1743-12-03', '299-660-50', 'Skullet.Yénora@hainaut-promsoc.be', 'ulK7oBCYbvGz', '1 Schurz Drive'),
(1453, 3, 1, 'Creer', 'Gaïa', '1894-04-12', '793-644-02', 'Creer.Gaïa@hainaut-promsoc.be', 'EAgFqa', '93951 Bay Junction'),
(1454, 1, 1, 'Gerbl', 'Göran', '1534-05-05', '427-191-09', 'Gerbl.Göran@hainaut-promsoc.be', 'NRCJosHppSh', '8068 Anzinger Crossing'),
(1455, 1, 1, 'Deinhard', 'Cunégonde', '1632-12-06', '573-539-90', 'Deinhard.Cunégonde@hainaut-promsoc.be', 'YlGVIXB9ArB', '633 Monica Way'),
(1456, 1, 1, 'Geockle', 'Maïté', '1264-09-27', '179-377-43', 'Geockle.Maïté@hainaut-promsoc.be', 'Odd4DYJqBu', '806 1st Junction'),
(1457, 2, 1, 'Cucinotta', 'Personnalisée', '1843-01-18', '808-198-21', 'Cucinotta.Personnalisée@hainaut-promsoc.be', 'UhPa62Zkg', '3269 Shoshone Junction'),
(1458, 5, 1, 'Golsworthy', 'Frédérique', '1833-12-17', '490-616-13', 'Golsworthy.Frédérique@hainaut-promsoc.be', 'yDVTTq', '6 Grayhawk Alley'),
(1459, 3, 1, 'Saipy', 'Eléa', '1415-10-30', '283-360-06', 'Saipy.Eléa@hainaut-promsoc.be', 'SHFouHKo', '99 Oxford Trail'),
(1460, 2, 1, 'Jendrys', 'Kù', '1768-10-04', '263-814-92', 'Jendrys.Kù@hainaut-promsoc.be', 'BYnUxhx', '12 Kim Drive'),
(1461, 4, 1, 'Holdall', 'Solène', '1120-07-29', '270-277-24', 'Holdall.Solène@hainaut-promsoc.be', 'ZW5iL9wVKk', '213 West Way'),
(1462, 1, 1, 'Cisson', 'Mårten', '1853-03-20', '773-495-31', 'Cisson.Mårten@hainaut-promsoc.be', 'P4MQe3DQw', '74 Shasta Alley'),
(1463, 2, 1, 'MacMaykin', 'Clémentine', '1589-12-17', '280-220-03', 'MacMaykin.Clémentine@hainaut-promsoc.be', '8LgmikMKW', '0 Garrison Trail'),
(1464, 2, 1, 'Foltin', 'Pò', '1627-07-20', '293-681-12', 'Foltin.Pò@hainaut-promsoc.be', '6lNmaOdDzes', '4 Sundown Center'),
(1465, 5, 1, 'Addey', 'Miléna', '1228-08-08', '967-504-14', 'Addey.Miléna@hainaut-promsoc.be', 'Aok1x6', '6 Mariners Cove Crossing'),
(1466, 1, 1, 'Fundell', 'Rébecca', '1260-11-03', '412-398-31', 'Fundell.Rébecca@hainaut-promsoc.be', '0SS6ezMXHT', '33 Cody Road'),
(1467, 4, 1, 'Cullivan', 'Aimée', '1922-05-08', '656-342-13', 'Cullivan.Aimée@hainaut-promsoc.be', 'gsqBcM48Oq8L', '9470 Oakridge Plaza'),
(1468, 3, 1, 'Illsley', 'Josée', '1375-02-16', '882-716-60', 'Illsley.Josée@hainaut-promsoc.be', 'ohgwdj5', '4718 Melrose Drive'),
(1469, 5, 1, 'Hebblewaite', 'Cléopatre', '1424-03-08', '447-751-08', 'Hebblewaite.Cléopatre@hainaut-promsoc.be', 'IghH0U1', '17621 Myrtle Hill'),
(1470, 3, 1, 'Huncoot', 'Hélène', '1169-12-20', '271-538-88', 'Huncoot.Hélène@hainaut-promsoc.be', 'r95UA8RsEyGy', '5669 Russell Avenue'),
(1471, 3, 1, 'Barbier', 'Gérald', '1397-07-07', '427-584-07', 'Barbier.Gérald@hainaut-promsoc.be', 'f8jSXpnV', '11432 Maywood Road'),
(1472, 4, 1, 'Antal', 'Magdalène', '1744-03-01', '987-422-79', 'Antal.Magdalène@hainaut-promsoc.be', 'Jaib21', '39020 Morning Court'),
(1473, 5, 1, 'Fitchett', 'Valérie', '1666-08-08', '620-353-73', 'Fitchett.Valérie@hainaut-promsoc.be', 'FKCNW3', '23 Bluestem Trail'),
(1474, 4, 1, 'Painten', 'Léana', '1207-06-27', '813-225-25', 'Painten.Léana@hainaut-promsoc.be', 'YgOI4kvu0T9', '51096 Rockefeller Trail'),
(1475, 4, 1, 'Hanscom', 'Maïté', '1408-03-07', '219-482-77', 'Hanscom.Maïté@hainaut-promsoc.be', 'zt6Os0p', '18 Mesta Circle'),
(1476, 1, 1, 'Rodrigo', 'Uò', '1744-10-28', '240-566-73', 'Rodrigo.Uò@hainaut-promsoc.be', 'BO3MFf', '7855 Hovde Park'),
(1477, 5, 1, 'Crolly', 'Mahélie', '1602-11-20', '765-173-96', 'Crolly.Mahélie@hainaut-promsoc.be', 'E9z0HLAqTap', '319 Delladonna Alley'),
(1478, 4, 1, 'Vaughten', 'Léandre', '1397-07-21', '587-462-48', 'Vaughten.Léandre@hainaut-promsoc.be', 'vdw1vI1', '2638 Onsgard Road'),
(1479, 4, 1, 'Fortescue', 'Lóng', '1909-03-09', '613-749-37', 'Fortescue.Lóng@hainaut-promsoc.be', '4O1585l6', '2 Dayton Crossing'),
(1480, 5, 1, 'Lafuente', 'Laurène', '1918-06-24', '349-687-94', 'Lafuente.Laurène@hainaut-promsoc.be', 'wGBAySY', '2593 Carioca Crossing'),
(1481, 2, 1, 'Pentycross', 'Örjan', '1188-09-02', '288-428-87', 'Pentycross.Örjan@hainaut-promsoc.be', 'qUFNRsuL1LUl', '843 8th Junction'),
(1482, 5, 1, 'Amort', 'Almérinda', '1621-06-16', '657-255-82', 'Amort.Almérinda@hainaut-promsoc.be', 'WRjNbhKyw', '0034 Buell Center'),
(1483, 3, 1, 'Frowing', 'Pò', '1936-12-09', '186-712-32', 'Frowing.Pò@hainaut-promsoc.be', '3Bta4yFfk61Q', '8 Pawling Hill'),
(1484, 4, 1, 'Rennicks', 'Océane', '1134-03-12', '256-737-94', 'Rennicks.Océane@hainaut-promsoc.be', 'g1bGp2Km', '6 Cambridge Point'),
(1485, 2, 1, 'Winger', 'Ráo', '1927-06-30', '681-754-28', 'Winger.Ráo@hainaut-promsoc.be', 'Id1Su6YX', '5488 Bluestem Plaza'),
(1486, 5, 1, 'Mattei', 'Kévina', '1342-06-27', '970-354-94', 'Mattei.Kévina@hainaut-promsoc.be', 'dlhSrgbk', '18 Ridgeview Drive'),
(1487, 2, 1, 'M\'Quharge', 'Dù', '1107-09-14', '885-459-27', 'M\'Quharge.Dù@hainaut-promsoc.be', 'WZ0hub5', '42 Hoffman Point'),
(1488, 2, 1, 'Edens', 'Adélie', '1713-01-13', '310-607-46', 'Edens.Adélie@hainaut-promsoc.be', 'Fzgzpq', '58 Waxwing Place'),
(1489, 3, 1, 'Hann', 'Valérie', '1946-04-15', '336-723-05', 'Hann.Valérie@hainaut-promsoc.be', 'YVebgz', '30 Hanson Alley'),
(1490, 2, 1, 'Merchant', 'Léonore', '1918-05-26', '986-606-59', 'Merchant.Léonore@hainaut-promsoc.be', 'x5gh6u2Fse', '3 Pond Hill'),
(1491, 1, 1, 'Jacqueme', 'Yénora', '1822-12-15', '308-593-81', 'Jacqueme.Yénora@hainaut-promsoc.be', 'l54f76q', '24392 Clove Parkway'),
(1492, 2, 1, 'Munro', 'Ráo', '1173-11-20', '544-819-71', 'Munro.Ráo@hainaut-promsoc.be', 'v48IRuO2XHfc', '4841 Carberry Terrace'),
(1493, 4, 1, 'Tiesman', 'Méthode', '1706-04-12', '209-538-12', 'Tiesman.Méthode@hainaut-promsoc.be', 'xRhRukjLvC', '31 Rutledge Pass'),
(1494, 1, 1, 'Benez', 'Faîtes', '1352-09-01', '316-660-55', 'Benez.Faîtes@hainaut-promsoc.be', 'r4XbtgZjDT', '81777 Debra Junction'),
(1495, 4, 1, 'Northcote', 'Maïly', '1851-08-15', '991-536-37', 'Northcote.Maïly@hainaut-promsoc.be', '9cAiY7Q', '1 Sommers Park'),
(1496, 5, 1, 'Huntington', 'Gérald', '1972-01-18', '395-356-30', 'Huntington.Gérald@hainaut-promsoc.be', 'lS6ABo', '303 Truax Lane'),
(1497, 4, 1, 'Tran', 'Táng', '1527-05-15', '889-373-11', 'Tran.Táng@hainaut-promsoc.be', '6gHRcZAg59QI', '35154 Bowman Terrace'),
(1498, 4, 1, 'Sachno', 'Styrbjörn', '1291-09-21', '169-841-66', 'Sachno.Styrbjörn@hainaut-promsoc.be', 'sLCS0rC176o8', '9750 Basil Way'),
(1499, 2, 1, 'Stayt', 'Björn', '1928-03-15', '584-573-37', 'Stayt.Björn@hainaut-promsoc.be', 'OaH68l', '2 Anniversary Circle'),
(1500, 4, 1, 'Stendell', 'Loïs', '1093-04-30', '320-214-04', 'Stendell.Loïs@hainaut-promsoc.be', 'CMObMYbR0N', '4074 Valley Edge Junction'),
(1501, 2, 1, 'Tournay', 'Mélia', '1326-12-17', '559-396-96', 'Tournay.Mélia@hainaut-promsoc.be', 'elhGXVI7IAYP', '93546 Sugar Parkway'),
(1502, 4, 1, 'Breeds', 'Miléna', '1200-10-02', '689-887-51', 'Breeds.Miléna@hainaut-promsoc.be', 'p9BK4Eau', '58318 Forest Run Plaza'),
(1503, 2, 1, 'Barrows', 'Pénélope', '1711-05-21', '452-297-96', 'Barrows.Pénélope@hainaut-promsoc.be', 'l6wXPee5dkF', '82 6th Parkway'),
(1504, 2, 1, 'Arnaudon', 'Rébecca', '1456-03-07', '203-336-04', 'Arnaudon.Rébecca@hainaut-promsoc.be', 'ibSseNZM1Ke5', '0 Green Center'),
(1505, 2, 1, 'Andreopolos', 'Andrée', '1889-08-03', '936-141-92', 'Andreopolos.Andrée@hainaut-promsoc.be', 'CXtYe3OivFqz', '982 Comanche Parkway'),
(1506, 1, 1, 'Blaskett', 'Åke', '1464-06-19', '228-406-83', 'Blaskett.Åke@hainaut-promsoc.be', 'dH9DZzuDUNO', '3122 Algoma Junction'),
(1507, 3, 1, 'Wapplington', 'Lèi', '1596-04-15', '418-404-99', 'Wapplington.Lèi@hainaut-promsoc.be', 'IseNUk', '8 Sutherland Plaza'),
(1508, 2, 1, 'Ondrasek', 'Mélinda', '1180-09-10', '171-994-48', 'Ondrasek.Mélinda@hainaut-promsoc.be', '8BU4vEi8FFN', '244 Jackson Crossing'),
(1509, 3, 1, 'Taggart', 'Lauréna', '1596-11-30', '497-580-12', 'Taggart.Lauréna@hainaut-promsoc.be', 'F7fK595U', '43986 Knutson Hill'),
(1510, 1, 1, 'Oakman', 'Célia', '1612-09-08', '444-865-76', 'Oakman.Célia@hainaut-promsoc.be', 'yBRywjSDOCR', '28 Bluestem Circle'),
(1511, 1, 1, 'Pendlebury', 'Adélie', '1556-02-07', '891-811-86', 'Pendlebury.Adélie@hainaut-promsoc.be', 'dIf45rKqHH6q', '5529 Northwestern Park'),
(1512, 3, 1, 'Grafhom', 'Solène', '1509-05-05', '364-302-57', 'Grafhom.Solène@hainaut-promsoc.be', 'rMmOMYE', '98 Dahle Drive'),
(1513, 5, 1, 'Ianittello', 'Michèle', '1244-11-01', '425-781-85', 'Ianittello.Michèle@hainaut-promsoc.be', 'f0UBiNzawGfS', '89688 Anniversary Pass'),
(1514, 5, 1, 'Garland', 'Lén', '1614-10-31', '132-639-34', 'Garland.Lén@hainaut-promsoc.be', 'RVVTrwL', '768 Gina Junction'),
(1515, 3, 1, 'Screach', 'Mélia', '1510-07-18', '444-370-21', 'Screach.Mélia@hainaut-promsoc.be', 'fE7Gfyxd7', '1 American Ash Hill'),
(1516, 2, 1, 'Marzellano', 'Judicaël', '1739-04-24', '347-481-56', 'Marzellano.Judicaël@hainaut-promsoc.be', 'gB85fA3G5', '9 Buena Vista Way'),
(1517, 2, 1, 'Matushevich', 'Östen', '1419-10-29', '731-864-01', 'Matushevich.Östen@hainaut-promsoc.be', 'hLf3DCsdv0kY', '718 Crescent Oaks Junction'),
(1518, 4, 1, 'Westwick', 'Léa', '1440-08-23', '224-684-29', 'Westwick.Léa@hainaut-promsoc.be', '4ROvzlN', '740 Marquette Hill'),
(1519, 1, 1, 'Leonard', 'Cléa', '1349-10-27', '433-259-07', 'Leonard.Cléa@hainaut-promsoc.be', 'P1njVDdY', '303 Gulseth Hill'),
(1520, 4, 1, 'Pikesley', 'Angélique', '1360-03-22', '117-626-02', 'Pikesley.Angélique@hainaut-promsoc.be', 'PD3H3NQA00SP', '37 Kings Street'),
(1521, 3, 1, 'Iddon', 'Camélia', '1497-09-25', '513-906-48', 'Iddon.Camélia@hainaut-promsoc.be', 'v1Rrl9882', '94267 Spenser Drive'),
(1522, 4, 1, 'Murkin', 'Noémie', '1856-11-14', '884-581-62', 'Murkin.Noémie@hainaut-promsoc.be', 'kotoYt1', '32717 Macpherson Trail'),
(1523, 1, 1, 'Drinkale', 'Anaïs', '1558-12-23', '897-354-92', 'Drinkale.Anaïs@hainaut-promsoc.be', 'XnJMmI', '98 Colorado Pass'),
(1524, 4, 1, 'Pattesall', 'Lèi', '1835-05-13', '599-593-60', 'Pattesall.Lèi@hainaut-promsoc.be', 'KBGxEivcn', '62084 Dapin Street'),
(1525, 2, 1, 'Deddum', 'Clémence', '1646-06-03', '598-610-01', 'Deddum.Clémence@hainaut-promsoc.be', 'E3kxMAdOP', '62 Harper Parkway'),
(1526, 4, 1, 'Questier', 'Táng', '1236-03-06', '534-851-73', 'Questier.Táng@hainaut-promsoc.be', 'B2SCsITHd4', '52730 Dorton Court'),
(1527, 5, 1, 'Ambrosio', 'Aí', '1812-02-21', '998-976-09', 'Ambrosio.Aí@hainaut-promsoc.be', 'PLhkWb56FvUV', '4 Dapin Street'),
(1528, 5, 1, 'Heathorn', 'Eliès', '1327-09-14', '145-608-77', 'Heathorn.Eliès@hainaut-promsoc.be', 'nJr20Gs', '0 5th Alley'),
(1529, 4, 1, 'Carradice', 'Léane', '1318-03-20', '790-904-34', 'Carradice.Léane@hainaut-promsoc.be', 'J2dzopWgfwB', '5456 Maywood Way'),
(1530, 3, 1, 'Grewer', 'Géraldine', '1267-01-20', '736-213-30', 'Grewer.Géraldine@hainaut-promsoc.be', 'v6XwttKaqL2', '0 Bultman Junction'),
(1531, 4, 1, 'Fincher', 'Simplifiés', '1304-04-02', '288-502-48', 'Fincher.Simplifiés@hainaut-promsoc.be', 'FE6FOfqNi2', '8570 Hintze Court'),
(1532, 3, 1, 'Amori', 'Sélène', '1388-02-07', '274-453-88', 'Amori.Sélène@hainaut-promsoc.be', 'PkggHcZ5MMe', '942 Briar Crest Court'),
(1533, 2, 1, 'Langford', 'Aí', '1722-01-24', '487-844-32', 'Langford.Aí@hainaut-promsoc.be', 'GSqEhjIo9UR', '67 Sugar Hill'),
(1534, 5, 1, 'Sherman', 'Illustrée', '1316-01-19', '150-784-15', 'Sherman.Illustrée@hainaut-promsoc.be', 'nv8lKzmGTNqJ', '5725 Forest Run Pass'),
(1535, 1, 1, 'Hampstead', 'Cloé', '1260-08-01', '540-594-12', 'Hampstead.Cloé@hainaut-promsoc.be', 'QoRmEm', '15395 Rockefeller Court'),
(1536, 4, 1, 'Serjeant', 'Gérald', '1642-09-08', '904-791-28', 'Serjeant.Gérald@hainaut-promsoc.be', 'Nf2ON0J2PJ8', '91 Waxwing Avenue'),
(1537, 1, 1, 'Andrick', 'Chloé', '1403-04-05', '166-712-55', 'Andrick.Chloé@hainaut-promsoc.be', 'ByjMG9VoSI', '3300 Hanson Avenue'),
(1538, 1, 1, 'Zold', 'Yáo', '1199-01-01', '243-405-81', 'Zold.Yáo@hainaut-promsoc.be', 'gvwM453R', '89 Division Place'),
(1539, 4, 1, 'Verry', 'Adélie', '1561-08-06', '824-327-94', 'Verry.Adélie@hainaut-promsoc.be', 'GGIfWDfUkFhr', '1061 Petterle Road'),
(1540, 4, 1, 'Grestye', 'Lyséa', '1696-07-18', '624-487-37', 'Grestye.Lyséa@hainaut-promsoc.be', 'Yp3ztzn17LX', '359 Warrior Crossing'),
(1541, 1, 1, 'Sibery', 'Loïs', '1839-01-29', '365-391-63', 'Sibery.Loïs@hainaut-promsoc.be', 'gJia8nyH', '3875 Petterle Junction'),
(1542, 3, 1, 'Welland', 'Simplifiés', '1966-11-01', '764-165-85', 'Welland.Simplifiés@hainaut-promsoc.be', '0O6qNgH', '4233 Vera Place'),
(1543, 2, 1, 'Buard', 'Nélie', '1429-10-23', '618-260-38', 'Buard.Nélie@hainaut-promsoc.be', 'ojjQ0IgKLzh', '002 Manley Alley'),
(1544, 1, 1, 'Note', 'Görel', '1304-07-28', '202-751-73', 'Note.Görel@hainaut-promsoc.be', 'sZQ3mUBmm99L', '710 Warner Parkway'),
(1545, 5, 1, 'Canizares', 'Crééz', '1821-01-21', '108-334-92', 'Canizares.Crééz@hainaut-promsoc.be', 'TO32qUiS', '77 Delaware Terrace'),
(1546, 2, 1, 'Danser', 'Salomé', '1280-07-26', '868-651-62', 'Danser.Salomé@hainaut-promsoc.be', '0WzSlvsWte', '0196 Petterle Center'),
(1547, 2, 1, 'Tuohy', 'Méthode', '1448-10-18', '860-292-64', 'Tuohy.Méthode@hainaut-promsoc.be', 'M8J5eec', '2547 Westport Drive'),
(1548, 3, 1, 'Lampitt', 'Yáo', '1759-06-09', '784-341-58', 'Lampitt.Yáo@hainaut-promsoc.be', 'VSHGqedGH', '95 Prentice Trail'),
(1549, 3, 1, 'Gilcriest', 'Gwenaëlle', '1602-10-12', '113-857-26', 'Gilcriest.Gwenaëlle@hainaut-promsoc.be', '9D1oGX9L', '208 Spaight Trail'),
(1550, 4, 1, 'Macellar', 'Vérane', '1525-10-13', '936-958-78', 'Macellar.Vérane@hainaut-promsoc.be', 'YKcq8ntZVb', '2 Meadow Vale Parkway'),
(1551, 1, 1, 'Prandin', 'Nadège', '1083-01-23', '891-681-72', 'Prandin.Nadège@hainaut-promsoc.be', 'oNXRSW8HVoJt', '3737 Elka Parkway'),
(1552, 1, 1, 'Hartnell', 'Personnalisée', '1966-11-25', '922-877-99', 'Hartnell.Personnalisée@hainaut-promsoc.be', 'cZSiZNZsX9be', '36642 Loftsgordon Point'),
(1553, 3, 1, 'Bocken', 'Andrée', '1848-04-15', '223-889-00', 'Bocken.Andrée@hainaut-promsoc.be', '1bpEkMJ', '3511 Judy Way'),
(1554, 5, 1, 'Edon', 'André', '1366-10-12', '187-247-73', 'Edon.André@hainaut-promsoc.be', '1xEn90', '0675 Westerfield Pass'),
(1555, 2, 1, 'Cristofor', 'Maïté', '1884-06-01', '165-247-00', 'Cristofor.Maïté@hainaut-promsoc.be', 'nbiVk2P', '12235 Cherokee Circle'),
(1556, 1, 1, 'Melsome', 'Célia', '1435-04-12', '715-832-05', 'Melsome.Célia@hainaut-promsoc.be', 'EzCtDHQbkk', '5026 Mccormick Pass'),
(1557, 2, 1, 'Wantling', 'Åke', '1921-05-27', '821-692-94', 'Wantling.Åke@hainaut-promsoc.be', '6K1JM3h8xv', '63359 Brown Parkway'),
(1558, 5, 1, 'Brantl', 'Loïs', '1200-07-25', '433-328-49', 'Brantl.Loïs@hainaut-promsoc.be', '0vQUDpG', '1 Northfield Center'),
(1559, 5, 1, 'Benstead', 'Mà', '1681-09-28', '713-504-84', 'Benstead.Mà@hainaut-promsoc.be', '5GqOs4', '54148 Oriole Plaza'),
(1560, 5, 1, 'Bennetto', 'Personnalisée', '1887-07-29', '404-727-69', 'Bennetto.Personnalisée@hainaut-promsoc.be', 'GaQEALmuvt1z', '632 Novick Hill'),
(1561, 3, 1, 'Pelos', 'Gisèle', '1290-12-07', '235-161-49', 'Pelos.Gisèle@hainaut-promsoc.be', '1lbz5J8Tmp', '8424 Jackson Avenue'),
(1562, 4, 1, 'Rotherforth', 'Cléa', '1384-08-23', '303-920-23', 'Rotherforth.Cléa@hainaut-promsoc.be', 'Kwpn3QzLKUQn', '115 Golf Place'),
(1563, 1, 1, 'Axel', 'Faîtes', '1929-06-30', '948-499-22', 'Axel.Faîtes@hainaut-promsoc.be', 'a6LPqPg', '63 Old Shore Park'),
(1564, 4, 1, 'Castro', 'Adèle', '1419-12-11', '762-433-75', 'Castro.Adèle@hainaut-promsoc.be', 'tCM8LOQqn', '47 Garrison Avenue'),
(1565, 1, 1, 'Tummasutti', 'Miléna', '1956-08-27', '940-880-23', 'Tummasutti.Miléna@hainaut-promsoc.be', '6MmKoLjeW1', '1965 Moose Parkway'),
(1566, 4, 1, 'Ranstead', 'Hélèna', '1112-04-17', '842-341-48', 'Ranstead.Hélèna@hainaut-promsoc.be', 'SbyfsUTXncRL', '1787 Westport Park'),
(1567, 3, 1, 'Hutchins', 'Nuó', '1331-04-27', '682-798-66', 'Hutchins.Nuó@hainaut-promsoc.be', 'K7EzH2cFG', '93 Roth Point'),
(1568, 3, 1, 'Blazek', 'Yóu', '1414-05-09', '381-623-28', 'Blazek.Yóu@hainaut-promsoc.be', 'njFaKY', '2 Rusk Street'),
(1569, 3, 1, 'Pardey', 'Annotée', '1437-02-18', '389-481-53', 'Pardey.Annotée@hainaut-promsoc.be', 'hStYyvBk19o', '749 American Ash Place'),
(1570, 4, 1, 'Lysaght', 'Méthode', '1687-08-13', '524-517-89', 'Lysaght.Méthode@hainaut-promsoc.be', 'ad8ogwE0', '252 Michigan Street'),
(1571, 4, 1, 'Le Gall', 'Pénélope', '1833-09-11', '754-254-45', 'Le Gall.Pénélope@hainaut-promsoc.be', 'IeuoOfz', '69 Thackeray Center'),
(1572, 1, 1, 'Cohr', 'Adélaïde', '1723-07-15', '317-646-57', 'Cohr.Adélaïde@hainaut-promsoc.be', 'SsiS83zR', '90 Sycamore Street'),
(1573, 4, 1, 'Slyme', 'Clémence', '1094-04-08', '296-412-51', 'Slyme.Clémence@hainaut-promsoc.be', 'qWGJUR', '9760 Bultman Park'),
(1574, 1, 1, 'Plet', 'Médiamass', '1392-08-19', '269-494-64', 'Plet.Médiamass@hainaut-promsoc.be', 'zzfyxlVQaEr6', '3229 Glacier Hill Hill'),
(1575, 2, 1, 'Andrioletti', 'Adèle', '1661-07-23', '360-338-58', 'Andrioletti.Adèle@hainaut-promsoc.be', '1JovfI', '278 Towne Way'),
(1576, 1, 1, 'Ivashchenko', 'Thérèsa', '1510-01-14', '763-794-95', 'Ivashchenko.Thérèsa@hainaut-promsoc.be', '5lyZ8J', '395 Victoria Point'),
(1577, 5, 1, 'Winsome', 'Kévina', '1186-02-04', '773-109-04', 'Winsome.Kévina@hainaut-promsoc.be', '4zcweH', '4516 Gulseth Avenue'),
(1578, 4, 1, 'Eastes', 'Cloé', '1578-10-13', '867-705-10', 'Eastes.Cloé@hainaut-promsoc.be', 'g0QerlJt', '06 Dunning Lane'),
(1579, 1, 1, 'Tours', 'Laurène', '1661-08-22', '789-183-20', 'Tours.Laurène@hainaut-promsoc.be', 'EYxBm0dLOQ', '308 Lyons Plaza'),
(1580, 2, 1, 'Gisbourn', 'Clémence', '1141-01-29', '325-799-42', 'Gisbourn.Clémence@hainaut-promsoc.be', 'ixZz3Gd', '70584 Cardinal Lane'),
(1581, 3, 1, 'Cockshott', 'Audréanne', '1120-03-29', '592-707-64', 'Cockshott.Audréanne@hainaut-promsoc.be', '9LYCEM', '90300 Miller Lane'),
(1582, 2, 1, 'Hazeman', 'Gaëlle', '1816-12-22', '410-409-57', 'Hazeman.Gaëlle@hainaut-promsoc.be', 'lBcAIgUvM', '4 Dennis Trail'),
(1583, 5, 1, 'Pouck', 'Táng', '1595-10-09', '678-472-84', 'Pouck.Táng@hainaut-promsoc.be', 'aJ6ETU', '6326 Emmet Place'),
(1584, 4, 1, 'Jilliss', 'Maïwenn', '1829-12-31', '521-194-67', 'Jilliss.Maïwenn@hainaut-promsoc.be', 'GKGJhKN', '5999 Birchwood Alley'),
(1585, 3, 1, 'Hallen', 'Zhì', '1204-11-06', '408-973-58', 'Hallen.Zhì@hainaut-promsoc.be', 'xtagNlc', '184 Sheridan Junction'),
(1586, 2, 1, 'Marini', 'Maïly', '1407-12-02', '896-687-73', 'Marini.Maïly@hainaut-promsoc.be', 'VXx2DykhRCgs', '5 Northland Circle'),
(1587, 3, 1, 'Lanbertoni', 'Almérinda', '1861-09-06', '772-681-56', 'Lanbertoni.Almérinda@hainaut-promsoc.be', 'nxq3pUOX', '2 Beilfuss Street'),
(1588, 3, 1, 'Muat', 'Bérangère', '1770-06-25', '698-875-82', 'Muat.Bérangère@hainaut-promsoc.be', 'ywZBW6mVl7H3', '02 Towne Point'),
(1589, 5, 1, 'Deeks', 'Nuó', '1078-10-12', '906-979-64', 'Deeks.Nuó@hainaut-promsoc.be', 'SmRkXGnG75kX', '2115 Warrior Place'),
(1590, 3, 1, 'Oke', 'Thérèsa', '1257-05-16', '250-619-73', 'Oke.Thérèsa@hainaut-promsoc.be', 'vDkxQkPQjHG', '52695 Esch Trail'),
(1591, 4, 1, 'Coatman', 'Håkan', '1567-09-08', '851-407-49', 'Coatman.Håkan@hainaut-promsoc.be', 'H8VuScwoXqP', '6012 Hansons Drive'),
(1592, 1, 1, 'Braker', 'Åsa', '1352-05-26', '281-975-01', 'Braker.Åsa@hainaut-promsoc.be', 'cUwppNg7fhRo', '6388 Annamark Alley'),
(1593, 1, 1, 'Barlass', 'Judicaël', '1292-06-06', '806-352-64', 'Barlass.Judicaël@hainaut-promsoc.be', '0QUun26L', '6889 Springs Way'),
(1594, 4, 1, 'Bellamy', 'Mélys', '1643-12-15', '621-585-58', 'Bellamy.Mélys@hainaut-promsoc.be', 'X8C1Dgh7wB', '405 Dwight Terrace'),
(1595, 5, 1, 'Goodby', 'Maï', '1929-08-05', '541-203-10', 'Goodby.Maï@hainaut-promsoc.be', 'oLoDeQQiOhmi', '4731 Cardinal Court'),
(1596, 3, 1, 'Nortcliffe', 'Alizée', '1466-09-09', '204-872-56', 'Nortcliffe.Alizée@hainaut-promsoc.be', 'lHGckUL', '69 Arapahoe Way'),
(1597, 1, 1, 'Seifenmacher', 'Bérénice', '1371-04-07', '938-102-65', 'Seifenmacher.Bérénice@hainaut-promsoc.be', 'oTKWkkkY9I', '37039 Rieder Court'),
(1598, 3, 1, 'Yuryaev', 'Joséphine', '1463-07-17', '479-967-79', 'Yuryaev.Joséphine@hainaut-promsoc.be', 'B4oKqV8qesen', '4593 Nobel Place'),
(1599, 4, 1, 'Kamall', 'Séverine', '1176-05-31', '368-864-34', 'Kamall.Séverine@hainaut-promsoc.be', 'qO3JBNyBpq', '57 Almo Plaza'),
(1600, 3, 1, 'Bachman', 'Eloïse', '1193-06-27', '561-555-24', 'Bachman.Eloïse@hainaut-promsoc.be', '8s8qCkZ9z6', '53975 Rieder Junction'),
(1601, 4, 1, 'Ortell', 'Andréanne', '1892-11-22', '176-660-26', 'Ortell.Andréanne@hainaut-promsoc.be', 'BJdV7PnT9', '0161 5th Lane'),
(1602, 4, 1, 'Pabst', 'Maïlis', '1920-12-24', '873-933-81', 'Pabst.Maïlis@hainaut-promsoc.be', '72TzOlNGjC', '03 Hooker Circle'),
(1603, 1, 1, 'Penbarthy', 'Andréanne', '2001-07-18', '147-780-87', 'Penbarthy.Andréanne@hainaut-promsoc.be', '9QHyd2', '72 Lyons Court'),
(1604, 5, 1, 'Burdikin', 'Cloé', '1311-03-13', '427-193-99', 'Burdikin.Cloé@hainaut-promsoc.be', 'XDsp068', '98 Erie Terrace'),
(1605, 3, 1, 'Hatton', 'Börje', '1908-11-12', '235-720-81', 'Hatton.Börje@hainaut-promsoc.be', 'eumJ0aTDhX8', '4 Holy Cross Pass'),
(1606, 5, 1, 'Reedick', 'Véronique', '1283-04-16', '330-374-57', 'Reedick.Véronique@hainaut-promsoc.be', 'jQypPXL8Wh2', '56479 Forest Court'),
(1607, 2, 1, 'Muckloe', 'Andréa', '1528-11-08', '996-796-57', 'Muckloe.Andréa@hainaut-promsoc.be', 'MSf8cKHtma', '43 Transport Drive'),
(1608, 2, 1, 'Keywood', 'Maëlle', '1840-08-13', '169-131-89', 'Keywood.Maëlle@hainaut-promsoc.be', 'G0pUCT9xBh91', '1 Union Lane'),
(1609, 5, 1, 'St Pierre', 'Célia', '1112-08-30', '251-412-74', 'St Pierre.Célia@hainaut-promsoc.be', 'FdeTVIDHd', '24 Westport Avenue'),
(1610, 3, 1, 'Sex', 'Yénora', '1494-11-04', '115-659-39', 'Sex.Yénora@hainaut-promsoc.be', '1VRgfGs', '6 Caliangt Center'),
(1611, 2, 1, 'Lammerich', 'Méng', '1596-02-18', '644-277-38', 'Lammerich.Méng@hainaut-promsoc.be', 'eRu9tZ', '467 Holy Cross Crossing'),
(1612, 5, 1, 'Blumire', 'Ophélie', '1562-11-24', '998-326-02', 'Blumire.Ophélie@hainaut-promsoc.be', 'z88NnRjgFu', '1129 1st Place'),
(1613, 4, 1, 'Kenningham', 'Rachèle', '1330-09-11', '936-692-37', 'Kenningham.Rachèle@hainaut-promsoc.be', 'eQGiT2Fl', '5 Fuller Crossing'),
(1614, 1, 1, 'Halvorsen', 'Ophélie', '1249-06-22', '886-420-48', 'Halvorsen.Ophélie@hainaut-promsoc.be', 'XKDRBeKek', '64766 Porter Pass'),
(1615, 5, 1, 'Haitlie', 'Östen', '1312-02-07', '862-294-63', 'Haitlie.Östen@hainaut-promsoc.be', 'YKN8IwQl', '6921 Stuart Alley'),
(1616, 1, 1, 'Ivashchenko', 'Gaïa', '1982-03-05', '775-620-49', 'Ivashchenko.Gaïa@hainaut-promsoc.be', '6So825ciS7', '62 Fallview Drive'),
(1617, 3, 1, 'Wear', 'Nadège', '1137-03-11', '582-519-42', 'Wear.Nadège@hainaut-promsoc.be', 'RkdQDNUi', '54 Forster Plaza'),
(1618, 4, 1, 'Doring', 'Marie-ève', '2002-09-30', '266-923-77', 'Doring.Marie-ève@hainaut-promsoc.be', 'nEsprTf', '52177 Lunder Center'),
(1619, 5, 1, 'Boone', 'Ráo', '1624-08-03', '974-155-39', 'Boone.Ráo@hainaut-promsoc.be', 'PW228z5Wa', '2 Rutledge Avenue'),
(1620, 3, 1, 'Cadore', 'Clémentine', '1454-11-15', '186-911-92', 'Cadore.Clémentine@hainaut-promsoc.be', 'zlnJ4EkACU', '26254 Village Road'),
(1621, 5, 1, 'Tipler', 'Yénora', '1601-10-23', '940-344-00', 'Tipler.Yénora@hainaut-promsoc.be', 'boAT6XC', '7364 Milwaukee Way'),
(1622, 5, 1, 'Stamper', 'Bécassine', '1071-03-14', '829-117-56', 'Stamper.Bécassine@hainaut-promsoc.be', 'fXoU8ulRLAtk', '18111 Judy Terrace'),
(1623, 5, 1, 'Golden', 'Anaé', '1589-11-22', '179-730-57', 'Golden.Anaé@hainaut-promsoc.be', 'qMdv6o', '30820 Ronald Regan Street'),
(1624, 5, 1, 'Heintz', 'Görel', '1499-05-19', '879-900-54', 'Heintz.Görel@hainaut-promsoc.be', 'Znod6uDKDC', '845 Sage Trail'),
(1625, 1, 1, 'Gyles', 'Noémie', '1539-08-17', '980-516-04', 'Gyles.Noémie@hainaut-promsoc.be', '8YoHZ3QKYPfO', '1483 Prentice Road'),
(1626, 3, 1, 'Scadden', 'Maëlle', '1930-03-28', '555-523-70', 'Scadden.Maëlle@hainaut-promsoc.be', 'nHKquXzuc0mE', '32897 Muir Trail'),
(1627, 1, 1, 'Stinchcombe', 'Nadège', '1467-03-06', '140-717-63', 'Stinchcombe.Nadège@hainaut-promsoc.be', '1xG5G2Ei', '08143 Florence Crossing'),
(1628, 1, 1, 'Argent', 'Cunégonde', '1107-12-12', '648-182-24', 'Argent.Cunégonde@hainaut-promsoc.be', 'uv8iOrfrsg1', '93 Warner Street'),
(1629, 4, 1, 'Camili', 'Célia', '1165-09-25', '868-815-66', 'Camili.Célia@hainaut-promsoc.be', '3DdAA0JN', '33808 Donald Crossing'),
(1630, 5, 1, 'McGillacoell', 'Marie-josée', '1137-03-01', '407-566-61', 'McGillacoell.Marie-josée@hainaut-promsoc.be', 'MSgffBZ84hnX', '0 Ludington Point'),
(1631, 3, 1, 'Carcass', 'Dù', '1933-04-08', '723-795-38', 'Carcass.Dù@hainaut-promsoc.be', 'I2tiR2GdTI', '77743 Graedel Lane'),
(1632, 4, 1, 'Trulock', 'Frédérique', '1407-09-14', '595-482-32', 'Trulock.Frédérique@hainaut-promsoc.be', 'XuFR7dpUb', '93448 Alpine Court'),
(1633, 4, 1, 'Verrills', 'Laïla', '1077-12-03', '763-226-79', 'Verrills.Laïla@hainaut-promsoc.be', 'CMYtT8WtjKK', '502 Carpenter Street'),
(1634, 3, 1, 'Jiggens', 'Solène', '1831-12-26', '779-413-85', 'Jiggens.Solène@hainaut-promsoc.be', 'e9RJLA4CH', '4075 Holy Cross Point'),
(1635, 1, 1, 'Pethrick', 'Séréna', '1682-07-31', '709-145-83', 'Pethrick.Séréna@hainaut-promsoc.be', 'Hj2gTYC', '5908 Loomis Avenue'),
(1636, 4, 1, 'Riehm', 'Stéphanie', '1454-04-16', '835-946-10', 'Riehm.Stéphanie@hainaut-promsoc.be', 'kACi4ZG6STs', '8293 Fieldstone Plaza'),
(1637, 2, 1, 'Giacopini', 'Thérèse', '1459-07-06', '954-523-75', 'Giacopini.Thérèse@hainaut-promsoc.be', 'lqvySAGcYzS7', '9 Straubel Point'),
(1638, 5, 1, 'Braunes', 'Miléna', '1308-01-11', '221-704-79', 'Braunes.Miléna@hainaut-promsoc.be', 'zdYWBqptEa7', '70 Sundown Trail'),
(1639, 1, 1, 'Brito', 'Aurélie', '1801-06-14', '703-618-01', 'Brito.Aurélie@hainaut-promsoc.be', 'FvZDaIzT', '5 Stang Junction'),
(1640, 4, 1, 'Whiskerd', 'Magdalène', '1232-12-21', '197-345-39', 'Whiskerd.Magdalène@hainaut-promsoc.be', 'rWb5DdJclkx', '93 Porter Trail'),
(1641, 3, 1, 'Samples', 'Léane', '1891-12-22', '497-244-24', 'Samples.Léane@hainaut-promsoc.be', '1lx9V1X', '9 Nobel Plaza'),
(1642, 5, 1, 'Arthur', 'Véronique', '1129-10-05', '979-579-90', 'Arthur.Véronique@hainaut-promsoc.be', 'aRkXOR', '215 Blackbird Junction'),
(1643, 5, 1, 'Clemow', 'Réjane', '1833-07-18', '953-264-01', 'Clemow.Réjane@hainaut-promsoc.be', 'vo0lubi', '83315 Sutherland Avenue'),
(1644, 1, 1, 'Wellbeloved', 'Vénus', '1228-11-13', '375-873-72', 'Wellbeloved.Vénus@hainaut-promsoc.be', 'yYWZbWS8jJNW', '9 Grayhawk Crossing'),
(1645, 3, 1, 'Tuvey', 'Hélène', '1211-02-10', '452-279-51', 'Tuvey.Hélène@hainaut-promsoc.be', 'aT8knpREc8W', '313 Hanson Avenue'),
(1646, 1, 1, 'Mattecot', 'Solène', '1092-09-12', '762-207-73', 'Mattecot.Solène@hainaut-promsoc.be', 'XPpT412x', '253 Tennyson Alley'),
(1647, 2, 1, 'Frankema', 'Cloé', '1556-02-05', '411-793-55', 'Frankema.Cloé@hainaut-promsoc.be', 'LxEK3D', '59238 Forest Center'),
(1648, 4, 1, 'Labb', 'Mylène', '1947-12-02', '272-839-96', 'Labb.Mylène@hainaut-promsoc.be', 'C84gf1C', '2786 Bonner Circle'),
(1649, 2, 1, 'Folliss', 'Dorothée', '1819-10-03', '971-274-82', 'Folliss.Dorothée@hainaut-promsoc.be', 'ZZcGSr', '920 Golf Court'),
(1650, 1, 1, 'Furzey', 'Thérèse', '1579-01-06', '324-322-89', 'Furzey.Thérèse@hainaut-promsoc.be', 'jr8VZy', '52 Nelson Crossing'),
(1651, 1, 1, 'Thurlby', 'Camélia', '1511-06-24', '902-506-21', 'Thurlby.Camélia@hainaut-promsoc.be', '8zQbOYQgN5d', '33 Welch Parkway'),
(1652, 4, 1, 'Matteuzzi', 'Lén', '1432-06-16', '377-936-80', 'Matteuzzi.Lén@hainaut-promsoc.be', 'XOrWLBHM0xv6', '358 Ilene Terrace'),
(1653, 2, 1, 'Paumier', 'Görel', '1234-07-07', '105-441-38', 'Paumier.Görel@hainaut-promsoc.be', 'uuwWJ4Ycfg', '6 Muir Avenue'),
(1654, 3, 1, 'Pawle', 'Réjane', '1996-10-04', '563-711-75', 'Pawle.Réjane@hainaut-promsoc.be', 'mm68uJSA8q2', '201 Sycamore Way'),
(1655, 4, 1, 'Vater', 'Zhì', '1167-09-01', '159-181-82', 'Vater.Zhì@hainaut-promsoc.be', 'WCFnb5nhj8A', '54171 Melvin Parkway'),
(1656, 2, 1, 'Gherardelli', 'Tán', '1344-09-15', '279-761-99', 'Gherardelli.Tán@hainaut-promsoc.be', 'f4I79a8XHF79', '5 Meadow Vale Lane'),
(1657, 2, 1, 'Galloway', 'Valérie', '1894-10-21', '826-254-56', 'Galloway.Valérie@hainaut-promsoc.be', '6ASAxiUAxn', '8 Manufacturers Center'),
(1658, 3, 1, 'Barbour', 'Maï', '1419-08-10', '698-491-13', 'Barbour.Maï@hainaut-promsoc.be', 'UsmiDyqDZ4', '420 Rutledge Pass'),
(1659, 4, 1, 'Currington', 'Loïca', '1447-12-05', '177-516-34', 'Currington.Loïca@hainaut-promsoc.be', 'fNPcirMz7t', '3 Brickson Park Junction'),
(1660, 5, 1, 'Franciottoi', 'Salomé', '1701-07-14', '837-644-84', 'Franciottoi.Salomé@hainaut-promsoc.be', '7RFP7xKRr', '293 Veith Road'),
(1661, 5, 1, 'Shory', 'Maïté', '1559-06-18', '584-595-38', 'Shory.Maïté@hainaut-promsoc.be', 'kIWE5L', '1083 3rd Lane'),
(1662, 5, 1, 'Monteath', 'Yáo', '1974-10-24', '271-885-28', 'Monteath.Yáo@hainaut-promsoc.be', '5icLbf', '8 Service Circle'),
(1663, 3, 1, 'Jime', 'Maëline', '1092-02-06', '733-846-99', 'Jime.Maëline@hainaut-promsoc.be', 'qoz5VzP', '4855 Westport Place'),
(1664, 1, 1, 'Desesquelle', 'Béatrice', '1741-10-17', '457-153-02', 'Desesquelle.Béatrice@hainaut-promsoc.be', 'NLluZYoyQo6', '05848 International Court'),
(1665, 4, 1, 'Dodgson', 'Maëlla', '1218-09-15', '939-539-40', 'Dodgson.Maëlla@hainaut-promsoc.be', 'oEVkZdlfR', '3 Pankratz Street'),
(1666, 5, 1, 'Escale', 'Méghane', '1331-08-07', '337-148-37', 'Escale.Méghane@hainaut-promsoc.be', 'ug4CwhjTKVy', '0371 Crownhardt Terrace'),
(1667, 5, 1, 'Manuel', 'Lèi', '1842-08-09', '337-720-43', 'Manuel.Lèi@hainaut-promsoc.be', 'Qd60vD', '9406 Manitowish Street'),
(1668, 4, 1, 'Barmby', 'Rébecca', '1925-12-06', '625-250-06', 'Barmby.Rébecca@hainaut-promsoc.be', 'UEl59BLg0', '7406 Sunnyside Terrace'),
(1669, 4, 1, 'Teasdale-Markie', 'Réjane', '1711-08-01', '626-991-99', 'Teasdale-Markie.Réjane@hainaut-promsoc.be', 'LH7rKH2aHc', '665 Summit Place'),
(1670, 2, 1, 'Levington', 'Åke', '1182-10-11', '981-859-40', 'Levington.Åke@hainaut-promsoc.be', 'Ll6DFApOv', '9 Onsgard Crossing'),
(1671, 3, 1, 'Greave', 'Maëlla', '1615-02-15', '156-526-37', 'Greave.Maëlla@hainaut-promsoc.be', 'k7GF5z', '5 Pankratz Park'),
(1672, 5, 1, 'Klossek', 'Aí', '1260-08-31', '539-524-75', 'Klossek.Aí@hainaut-promsoc.be', 'q5zPnaM', '1454 Buell Court'),
(1673, 2, 1, 'Calltone', 'Miléna', '1993-02-12', '298-486-86', 'Calltone.Miléna@hainaut-promsoc.be', 'mQEgMpp', '4451 Melody Place'),
(1674, 1, 1, 'Lewsam', 'Laïla', '1561-09-21', '222-307-10', 'Lewsam.Laïla@hainaut-promsoc.be', 'hvI2ph', '225 Debs Way'),
(1675, 2, 1, 'Hatchell', 'Aurélie', '1707-08-03', '354-978-80', 'Hatchell.Aurélie@hainaut-promsoc.be', 'DDZ28Q', '70508 Kropf Hill'),
(1676, 3, 1, 'Popov', 'Amélie', '1117-02-10', '193-122-91', 'Popov.Amélie@hainaut-promsoc.be', '17Lzg3', '1575 Hayes Trail'),
(1677, 5, 1, 'Ruslinge', 'Mén', '1975-12-16', '359-817-38', 'Ruslinge.Mén@hainaut-promsoc.be', 'QEdheKpZYb', '900 Dennis Terrace'),
(1678, 5, 1, 'Nason', 'Pò', '1566-11-05', '373-335-26', 'Nason.Pò@hainaut-promsoc.be', 'mx4iXtIx', '8 Sutherland Drive'),
(1679, 5, 1, 'McIllroy', 'Lài', '1089-08-17', '335-541-66', 'McIllroy.Lài@hainaut-promsoc.be', '8Pou5yy1Ko', '0 Banding Road'),
(1680, 3, 1, 'Noblet', 'Mélodie', '1373-12-05', '251-101-73', 'Noblet.Mélodie@hainaut-promsoc.be', 'sWd2Da', '0 Clyde Gallagher Alley'),
(1681, 2, 1, 'Pendergast', 'Crééz', '1426-09-26', '965-687-62', 'Pendergast.Crééz@hainaut-promsoc.be', 'Aw4XlBi', '6874 Nelson Road'),
(1682, 5, 1, 'Drought', 'Agnès', '1676-11-23', '563-786-07', 'Drought.Agnès@hainaut-promsoc.be', 'QBdtfew', '48934 Twin Pines Street'),
(1683, 3, 1, 'Greveson', 'Dà', '1724-01-03', '784-128-25', 'Greveson.Dà@hainaut-promsoc.be', 'BJ0EhPlK', '8160 Logan Pass'),
(1684, 2, 1, 'Yuryichev', 'Annotée', '1187-11-16', '570-694-58', 'Yuryichev.Annotée@hainaut-promsoc.be', 'pu2PyPdfs', '75 Tony Avenue'),
(1685, 3, 1, 'Diter', 'Intéressant', '1251-11-10', '448-776-54', 'Diter.Intéressant@hainaut-promsoc.be', 'Tusl0cQT', '6 Village Green Pass'),
(1686, 3, 1, 'Andreutti', 'Alizée', '1701-08-22', '911-297-52', 'Andreutti.Alizée@hainaut-promsoc.be', 'sCpNQD', '3407 Knutson Terrace'),
(1687, 5, 1, 'Grishkov', 'Athéna', '1428-04-13', '438-139-93', 'Grishkov.Athéna@hainaut-promsoc.be', 'AXb2pjlg', '2521 Forest Run Road'),
(1688, 2, 1, 'Boddy', 'Pénélope', '1418-04-04', '851-215-90', 'Boddy.Pénélope@hainaut-promsoc.be', 'TsxC6rkQx', '1596 Graedel Terrace'),
(1689, 5, 1, 'Chedzoy', 'Maïlys', '1147-05-24', '812-864-54', 'Chedzoy.Maïlys@hainaut-promsoc.be', 'HCIoePlus6vp', '17 Ohio Street'),
(1690, 3, 1, 'Alenichev', 'Eléonore', '2000-06-19', '935-849-85', 'Alenichev.Eléonore@hainaut-promsoc.be', 'R1iyWvTY', '1689 Park Meadow Crossing'),
(1691, 2, 1, 'Richemont', 'Mélissandre', '1309-07-19', '589-127-16', 'Richemont.Mélissandre@hainaut-promsoc.be', 'ZB1yBO4', '31 Manufacturers Crossing'),
(1692, 2, 1, 'Dowdell', 'Styrbjörn', '1362-08-13', '246-451-44', 'Dowdell.Styrbjörn@hainaut-promsoc.be', 'CVvCAmT', '2621 Westerfield Pass'),
(1693, 2, 1, 'Lambal', 'Garçon', '1769-09-07', '332-171-98', 'Lambal.Garçon@hainaut-promsoc.be', '9F59nswlS', '2485 Bay Park'),
(1694, 3, 1, 'Broomhead', 'Naéva', '1412-08-05', '343-832-35', 'Broomhead.Naéva@hainaut-promsoc.be', 'N3yO1b', '38 Michigan Point'),
(1695, 1, 1, 'Deuss', 'Mårten', '1827-02-23', '521-908-64', 'Deuss.Mårten@hainaut-promsoc.be', '3vIq1QCSY', '59161 Johnson Way'),
(1696, 3, 1, 'Kupisz', 'Céline', '1805-08-10', '647-408-02', 'Kupisz.Céline@hainaut-promsoc.be', 'bFqxHSrqKDf', '6866 6th Park'),
(1697, 1, 1, 'Werndly', 'Faîtes', '1434-08-10', '280-510-59', 'Werndly.Faîtes@hainaut-promsoc.be', '1oorBQvy6M', '1119 Old Gate Crossing'),
(1698, 4, 1, 'Silburn', 'Cloé', '1512-03-15', '790-958-65', 'Silburn.Cloé@hainaut-promsoc.be', 'dnyai5', '23 Summit Junction'),
(1699, 4, 1, 'Sellors', 'Salomé', '1306-05-08', '560-367-23', 'Sellors.Salomé@hainaut-promsoc.be', 'P4DZhtlbpC9', '55 Bobwhite Pass'),
(1700, 5, 1, 'Woollcott', 'Åslög', '1394-01-31', '499-463-54', 'Woollcott.Åslög@hainaut-promsoc.be', 'sx9VMi3VQt', '1672 Kedzie Alley'),
(1701, 3, 1, 'Hursey', 'Noémie', '1507-04-04', '152-133-35', 'Hursey.Noémie@hainaut-promsoc.be', 'cY775c5', '40051 Prairie Rose Park'),
(1702, 5, 1, 'Dowson', 'Athéna', '1583-03-03', '728-731-50', 'Dowson.Athéna@hainaut-promsoc.be', 'eABUHsGS', '38707 Melvin Crossing'),
(1703, 4, 1, 'Gruszecki', 'Pénélope', '1549-12-08', '647-824-13', 'Gruszecki.Pénélope@hainaut-promsoc.be', 'qH4dJaK4f', '5482 Marcy Plaza'),
(1704, 2, 1, 'Tavernor', 'Hélèna', '1274-07-18', '227-962-97', 'Tavernor.Hélèna@hainaut-promsoc.be', 'niuwBW', '254 Acker Street'),
(1705, 3, 1, 'Smeall', 'Mélinda', '1745-10-18', '909-394-04', 'Smeall.Mélinda@hainaut-promsoc.be', 'jFOPcuZy1wb', '3057 Homewood Street'),
(1706, 5, 1, 'Crosgrove', 'Célia', '1630-08-19', '979-221-01', 'Crosgrove.Célia@hainaut-promsoc.be', 'v0VcBzpGky1', '6438 Southridge Street'),
(1707, 1, 1, 'Dinsmore', 'Wá', '1806-10-06', '358-570-83', 'Dinsmore.Wá@hainaut-promsoc.be', 'UAsqVKynB4Ck', '9 David Crossing'),
(1708, 4, 1, 'Triplett', 'Erwéi', '1784-02-11', '476-912-13', 'Triplett.Erwéi@hainaut-promsoc.be', '6RpnvkdE2j', '48235 Dayton Junction'),
(1709, 1, 1, 'Harbour', 'Maïlis', '1706-05-20', '320-824-74', 'Harbour.Maïlis@hainaut-promsoc.be', 'pUFMy2', '946 Maywood Street'),
(1710, 3, 1, 'Straker', 'Noémie', '1481-05-01', '345-240-11', 'Straker.Noémie@hainaut-promsoc.be', 'GnGzCVlfrK', '80177 Karstens Street'),
(1711, 3, 1, 'Ritelli', 'Inès', '1303-01-30', '977-597-42', 'Ritelli.Inès@hainaut-promsoc.be', 'QnT2Z01ODZ', '20 Graceland Road'),
(1712, 3, 1, 'Crosham', 'Danièle', '1359-04-14', '345-302-05', 'Crosham.Danièle@hainaut-promsoc.be', 'w2dYhQm1', '5879 Grover Pass'),
(1713, 1, 1, 'Siddall', 'Angélique', '1232-04-12', '864-432-95', 'Siddall.Angélique@hainaut-promsoc.be', 'DSXf9d', '1 Sugar Lane'),
(1714, 2, 1, 'Applin', 'Björn', '1526-02-09', '640-942-19', 'Applin.Björn@hainaut-promsoc.be', 'gH0hWr9T7L', '0 Huxley Way'),
(1715, 5, 1, 'Sevier', 'Pélagie', '1976-08-15', '909-877-68', 'Sevier.Pélagie@hainaut-promsoc.be', 'MCYgxjDaiST', '64495 Lindbergh Trail'),
(1716, 2, 1, 'Shipton', 'Nélie', '1527-10-27', '601-803-69', 'Shipton.Nélie@hainaut-promsoc.be', 'D56fbEJmGlsX', '25073 Canary Alley'),
(1717, 4, 1, 'Pettitt', 'Åke', '1172-03-18', '580-311-83', 'Pettitt.Åke@hainaut-promsoc.be', '1V2c2Ix', '3 Eggendart Drive'),
(1718, 3, 1, 'Mimmack', 'Célia', '1797-06-30', '942-765-93', 'Mimmack.Célia@hainaut-promsoc.be', 'wYLNuEPU', '6295 Lakeland Center'),
(1719, 3, 1, 'Slocumb', 'Mélanie', '1925-05-25', '794-682-86', 'Slocumb.Mélanie@hainaut-promsoc.be', 'xLFXDZf', '851 Bonner Circle'),
(1720, 1, 1, 'Bastie', 'Intéressant', '1559-07-20', '788-571-59', 'Bastie.Intéressant@hainaut-promsoc.be', 'fihCpOsFmgr', '56 3rd Trail'),
(1721, 5, 1, 'Klehn', 'Amélie', '1747-08-23', '141-297-96', 'Klehn.Amélie@hainaut-promsoc.be', 'UEkxBBOv', '4 Welch Alley'),
(1722, 1, 1, 'Gisbourn', 'Gaétane', '1794-09-17', '221-141-99', 'Gisbourn.Gaétane@hainaut-promsoc.be', '6huStMP', '28056 Daystar Junction'),
(1723, 5, 1, 'Beelby', 'Bécassine', '1612-01-19', '987-640-45', 'Beelby.Bécassine@hainaut-promsoc.be', 'FzaII7XGR5', '39 Green Ridge Circle'),
(1724, 5, 1, 'Waller-Bridge', 'Desirée', '1828-06-19', '960-405-12', 'Waller-Bridge.Desirée@hainaut-promsoc.be', 'Gboogsy', '13 Hoepker Court'),
(1725, 4, 1, 'Collinson', 'Eliès', '1878-08-12', '424-931-53', 'Collinson.Eliès@hainaut-promsoc.be', 'g4bckq', '5 5th Alley'),
(1726, 1, 1, 'Goodlet', 'Loïca', '1269-09-26', '705-121-74', 'Goodlet.Loïca@hainaut-promsoc.be', 'tuwmh3a', '9 Division Hill'),
(1727, 1, 1, 'Talmadge', 'Maïté', '1462-02-26', '691-858-68', 'Talmadge.Maïté@hainaut-promsoc.be', 'OAa13kNohL', '6 Parkside Alley'),
(1728, 1, 1, 'Wulfinger', 'Angèle', '1352-03-16', '520-514-22', 'Wulfinger.Angèle@hainaut-promsoc.be', 'EcqESc1', '149 Bunting Center'),
(1729, 3, 1, 'Moylane', 'Marie-noël', '1414-08-02', '735-482-95', 'Moylane.Marie-noël@hainaut-promsoc.be', 'XvoxI2', '1810 Reindahl Trail'),
(1730, 3, 1, 'Janczak', 'Mégane', '1830-03-31', '780-144-30', 'Janczak.Mégane@hainaut-promsoc.be', 'hPdp6k', '36614 Carpenter Street'),
(1731, 1, 1, 'Marie', 'Mélissandre', '1411-05-11', '189-630-20', 'Marie.Mélissandre@hainaut-promsoc.be', 'qB4mMydS', '36772 Trailsway Terrace'),
(1732, 3, 1, 'Abyss', 'Béatrice', '1242-08-31', '186-607-77', 'Abyss.Béatrice@hainaut-promsoc.be', 'wueruxRet6', '61 Prentice Terrace'),
(1733, 5, 1, 'Annets', 'Jú', '1728-09-04', '610-281-70', 'Annets.Jú@hainaut-promsoc.be', 'G3CDtb', '031 Spohn Terrace'),
(1734, 2, 1, 'Gummow', 'Renée', '1253-02-28', '948-400-31', 'Gummow.Renée@hainaut-promsoc.be', '1lSbKL', '87 Grayhawk Junction'),
(1735, 1, 1, 'Giraudel', 'Tán', '1167-02-20', '749-446-23', 'Giraudel.Tán@hainaut-promsoc.be', 'Ft0pFYulf44', '57889 Jenifer Circle'),
(1736, 5, 1, 'Petrak', 'Maéna', '1079-11-16', '166-245-81', 'Petrak.Maéna@hainaut-promsoc.be', 'auJowxI8', '5 Fair Oaks Place'),
(1737, 5, 1, 'Chiene', 'Lauréna', '1147-09-05', '975-249-10', 'Chiene.Lauréna@hainaut-promsoc.be', 'RfAFYgH3zu', '0 Thackeray Pass'),
(1738, 5, 1, 'Patkin', 'Vérane', '1418-01-04', '117-527-57', 'Patkin.Vérane@hainaut-promsoc.be', '1oBw7o', '35903 Arapahoe Avenue'),
(1739, 1, 1, 'Trueman', 'Anaëlle', '1826-01-23', '197-665-78', 'Trueman.Anaëlle@hainaut-promsoc.be', 'ix0zHfOofoq3', '3603 8th Street'),
(1740, 5, 1, 'Pudge', 'Torbjörn', '1275-08-06', '304-554-62', 'Pudge.Torbjörn@hainaut-promsoc.be', '0zvDs3jls', '42760 Karstens Court'),
(1741, 5, 1, 'Bortolazzi', 'Cloé', '1288-03-15', '341-681-13', 'Bortolazzi.Cloé@hainaut-promsoc.be', 'EJZYn6m6', '27744 Continental Alley'),
(1742, 3, 1, 'Bernardini', 'Marie-hélène', '1217-08-10', '497-268-61', 'Bernardini.Marie-hélène@hainaut-promsoc.be', '114j9VeVa', '776 Bay Circle'),
(1743, 3, 1, 'Mathias', 'Stévina', '1072-09-23', '337-549-35', 'Mathias.Stévina@hainaut-promsoc.be', 'Yjyqay', '5 Hovde Crossing'),
(1744, 1, 1, 'VanBrugh', 'Måns', '1794-03-31', '896-660-77', 'VanBrugh.Måns@hainaut-promsoc.be', '7kZUzSc0y', '7024 Lukken Parkway'),
(1745, 4, 1, 'Lacroix', 'Ruò', '1588-09-09', '443-872-85', 'Lacroix.Ruò@hainaut-promsoc.be', 'zTcm3Y', '12175 Superior Trail'),
(1746, 1, 1, 'McAnulty', 'Léa', '1147-08-17', '417-163-19', 'McAnulty.Léa@hainaut-promsoc.be', '25SHXa3Zp2F2', '061 Macpherson Trail'),
(1747, 4, 1, 'Ansteys', 'André', '1730-08-17', '485-856-71', 'Ansteys.André@hainaut-promsoc.be', 'Wfm1N9', '189 Katie Pass'),
(1748, 2, 1, 'Falk', 'Médiamass', '1523-07-21', '701-201-13', 'Falk.Médiamass@hainaut-promsoc.be', 'RB46tHFPZ', '2 Northwestern Junction'),
(1749, 2, 1, 'Siemianowicz', 'Léone', '1378-02-24', '618-708-78', 'Siemianowicz.Léone@hainaut-promsoc.be', 'WOj9ZBZ', '7 Lillian Point');
INSERT INTO `personne` (`ID`, `ID_SECTION`, `ID_STATUT`, `NOM`, `PRENOM`, `DDN`, `TELEPHONE`, `EMAIL`, `PASSWORD`, `ADRESSE`) VALUES
(1750, 1, 1, 'Fryman', 'Océane', '1297-05-01', '888-945-60', 'Fryman.Océane@hainaut-promsoc.be', 'FWlmijJU', '59 Hayes Lane'),
(1751, 5, 1, 'Kiefer', 'Athéna', '1572-06-11', '153-341-00', 'Kiefer.Athéna@hainaut-promsoc.be', 'zuJR4LG', '2114 Nelson Parkway'),
(1752, 4, 1, 'Gunstone', 'André', '1768-07-10', '510-171-33', 'Gunstone.André@hainaut-promsoc.be', 'y55ZVF', '0132 Lunder Alley'),
(1753, 5, 1, 'Taffie', 'Maëlyss', '1153-01-12', '769-496-08', 'Taffie.Maëlyss@hainaut-promsoc.be', 'fI5rH3caU', '4982 Gulseth Avenue'),
(1754, 2, 1, 'Medendorp', 'Adélie', '1638-11-21', '560-439-80', 'Medendorp.Adélie@hainaut-promsoc.be', 'odX9Y0', '07608 Elmside Place'),
(1755, 3, 1, 'Felstead', 'Åsa', '1394-07-26', '704-534-07', 'Felstead.Åsa@hainaut-promsoc.be', 'loa9OzKJgig', '915 Jay Avenue'),
(1756, 3, 1, 'Haselden', 'Cléa', '1962-03-26', '244-794-63', 'Haselden.Cléa@hainaut-promsoc.be', 'OXhTY2R', '3458 Sunbrook Park'),
(1757, 4, 1, 'Kornacki', 'Laurène', '1163-04-21', '341-860-23', 'Kornacki.Laurène@hainaut-promsoc.be', 'ELbfra1HI2O', '52920 Wayridge Place'),
(1758, 3, 1, 'Proughten', 'Hélèna', '1715-04-30', '887-853-94', 'Proughten.Hélèna@hainaut-promsoc.be', 'ehFJRkP', '62 Tomscot Hill'),
(1759, 3, 1, 'Becker', 'Lén', '1291-07-21', '622-610-52', 'Becker.Lén@hainaut-promsoc.be', 'xwtK7aH4', '15397 Nevada Road'),
(1760, 5, 1, 'Ferri', 'Thérèse', '1920-07-31', '702-429-82', 'Ferri.Thérèse@hainaut-promsoc.be', 'dQjBdU6z', '582 Morningstar Terrace'),
(1761, 2, 1, 'Freckelton', 'Judicaël', '1690-08-07', '809-817-31', 'Freckelton.Judicaël@hainaut-promsoc.be', 'AqYGtyY4', '2545 Westport Road'),
(1762, 4, 1, 'Moakes', 'Garçon', '1952-03-25', '726-173-68', 'Moakes.Garçon@hainaut-promsoc.be', 'bsSbzNN6DUeF', '61669 Ruskin Way'),
(1763, 3, 1, 'Bishell', 'Almérinda', '1349-09-05', '366-866-71', 'Bishell.Almérinda@hainaut-promsoc.be', 'WTpNGD', '62996 Barnett Court'),
(1764, 1, 1, 'Matzel', 'Léonore', '1115-03-31', '558-870-38', 'Matzel.Léonore@hainaut-promsoc.be', '5VShtSAU', '484 Jana Parkway'),
(1765, 5, 1, 'Jancar', 'Naëlle', '1513-07-11', '888-281-46', 'Jancar.Naëlle@hainaut-promsoc.be', 'Gfdt8mi', '8960 Main Circle'),
(1766, 4, 1, 'Janic', 'Maïlis', '1189-03-18', '636-422-22', 'Janic.Maïlis@hainaut-promsoc.be', 'XpIHwKct', '884 Judy Plaza'),
(1767, 4, 1, 'Devita', 'Loïc', '1766-10-11', '702-148-35', 'Devita.Loïc@hainaut-promsoc.be', 'kHo0Cb1Jn7Oi', '703 Killdeer Crossing'),
(1768, 2, 1, 'Plaide', 'Cinéma', '1706-01-11', '821-825-46', 'Plaide.Cinéma@hainaut-promsoc.be', 'sYiNZsNFdy', '889 Melby Parkway'),
(1769, 1, 1, 'Ferne', 'Dù', '1241-04-18', '857-166-10', 'Ferne.Dù@hainaut-promsoc.be', 'k0KIkVje0K', '657 Sauthoff Way'),
(1770, 3, 1, 'Mcwhinnie', 'Lèi', '1375-07-22', '894-809-91', 'Mcwhinnie.Lèi@hainaut-promsoc.be', '1DFT8Jxz', '090 Mayfield Avenue'),
(1771, 2, 1, 'D\'Antonio', 'Adélaïde', '1207-03-05', '465-412-50', 'D\'Antonio.Adélaïde@hainaut-promsoc.be', 'kM4EPgLap', '5497 Stuart Drive'),
(1772, 2, 1, 'Ostler', 'Angèle', '1798-12-01', '754-649-86', 'Ostler.Angèle@hainaut-promsoc.be', 'onCz6VjmMF', '9296 Clemons Drive'),
(1773, 5, 1, 'Gemmill', 'Uò', '1787-05-03', '899-211-17', 'Gemmill.Uò@hainaut-promsoc.be', 'vslGJWGiGLNl', '79885 Tony Terrace'),
(1774, 2, 1, 'McLucas', 'Maïté', '1845-07-08', '357-178-41', 'McLucas.Maïté@hainaut-promsoc.be', '3vFQgnGOH5', '035 Norway Maple Street'),
(1775, 3, 1, 'Broschek', 'Gwenaëlle', '1717-10-06', '185-249-10', 'Broschek.Gwenaëlle@hainaut-promsoc.be', 'ANs1rCo', '0 Eastlawn Avenue'),
(1776, 5, 1, 'Hallgalley', 'Fèi', '1230-09-13', '779-379-68', 'Hallgalley.Fèi@hainaut-promsoc.be', 'MS2KAH4tdf', '185 Delladonna Street'),
(1777, 5, 1, 'Gutridge', 'Gisèle', '1210-10-31', '781-920-90', 'Gutridge.Gisèle@hainaut-promsoc.be', 'APVyRto', '1046 Hintze Circle'),
(1778, 3, 1, 'Fitzsimons', 'Angélique', '1713-12-17', '144-846-76', 'Fitzsimons.Angélique@hainaut-promsoc.be', 'DXutgYUR', '65 Florence Pass'),
(1779, 1, 1, 'Bramont', 'Audréanne', '1269-01-15', '361-432-21', 'Bramont.Audréanne@hainaut-promsoc.be', 'cShshm7JqzB', '55497 Donald Center'),
(1780, 2, 1, 'Vereker', 'Eléa', '1722-05-25', '761-959-45', 'Vereker.Eléa@hainaut-promsoc.be', 'nD1QG6VQqpC', '2 Pine View Way'),
(1781, 5, 1, 'Fibbings', 'Marie-noël', '1228-12-19', '657-137-80', 'Fibbings.Marie-noël@hainaut-promsoc.be', 'oFFiJh9vcpbF', '4298 Menomonie Trail'),
(1782, 2, 1, 'Abramchik', 'Erwéi', '1379-10-18', '133-876-09', 'Abramchik.Erwéi@hainaut-promsoc.be', 'Xq57Z42', '4929 Prairieview Parkway'),
(1783, 2, 1, 'Keme', 'Mà', '1594-02-13', '395-742-11', 'Keme.Mà@hainaut-promsoc.be', 'EZCNXB', '224 Johnson Lane'),
(1784, 4, 1, 'Petraitis', 'Léonore', '1238-11-06', '813-532-94', 'Petraitis.Léonore@hainaut-promsoc.be', 'p6UdYrqFOcUa', '828 Becker Parkway'),
(1785, 5, 1, 'Kohter', 'Valérie', '1642-07-10', '590-670-14', 'Kohter.Valérie@hainaut-promsoc.be', 'sHSOZTfcu', '36725 Vahlen Crossing'),
(1786, 5, 1, 'Tisun', 'Magdalène', '1696-12-08', '241-738-24', 'Tisun.Magdalène@hainaut-promsoc.be', 'LAWDwtPSj', '55 Loftsgordon Avenue'),
(1787, 4, 1, 'Babon', 'Séverine', '1119-01-07', '770-869-30', 'Babon.Séverine@hainaut-promsoc.be', '5iZRLARulW', '189 Shelley Parkway'),
(1788, 4, 1, 'Dalloway', 'Dù', '1741-07-05', '598-278-65', 'Dalloway.Dù@hainaut-promsoc.be', 'YjgyaA4', '2907 Golf Course Drive'),
(1789, 3, 1, 'Threadgill', 'Kuí', '1741-12-29', '689-570-24', 'Threadgill.Kuí@hainaut-promsoc.be', 'ChuBFsPHvtky', '03 Annamark Drive'),
(1790, 2, 1, 'Harnell', 'Irène', '1634-10-09', '980-941-36', 'Harnell.Irène@hainaut-promsoc.be', 'Nxi0gj', '7 Northview Plaza'),
(1791, 4, 1, 'Catterell', 'Crééz', '1795-04-28', '536-110-58', 'Catterell.Crééz@hainaut-promsoc.be', 'fgLqLXmyuL', '52573 Dahle Center'),
(1792, 4, 1, 'Bonnick', 'Méryl', '1969-04-09', '724-925-00', 'Bonnick.Méryl@hainaut-promsoc.be', 'qwoC6SjRg22', '7 Talmadge Terrace'),
(1793, 3, 1, 'Boutflour', 'Ráo', '1826-12-23', '859-511-28', 'Boutflour.Ráo@hainaut-promsoc.be', 'dIleawK', '1752 Carpenter Junction'),
(1794, 1, 1, 'Overill', 'Ráo', '1384-04-17', '232-703-72', 'Overill.Ráo@hainaut-promsoc.be', 'yS5YwjUBQJE', '37 Dixon Avenue'),
(1795, 3, 1, 'Tillett', 'Gwenaëlle', '1228-05-23', '627-238-82', 'Tillett.Gwenaëlle@hainaut-promsoc.be', 'ZhcJXntFc7J', '4374 Mcbride Terrace'),
(1796, 2, 1, 'McEvon', 'Méline', '1522-10-19', '941-610-57', 'McEvon.Méline@hainaut-promsoc.be', '7g93sw', '6802 Namekagon Crossing'),
(1797, 1, 1, 'Woof', 'Estève', '1164-07-13', '399-213-30', 'Woof.Estève@hainaut-promsoc.be', 'inJjGDABYHIh', '188 Golf Course Way'),
(1798, 1, 1, 'Gutridge', 'Dà', '1371-08-11', '400-230-35', 'Gutridge.Dà@hainaut-promsoc.be', 'R0wFYrR', '7 Sheridan Street'),
(1799, 5, 1, 'Tacey', 'Ruì', '1991-04-21', '203-965-84', 'Tacey.Ruì@hainaut-promsoc.be', 'lzRaiOWnglit', '7 Summer Ridge Street'),
(1800, 3, 1, 'de Pinna', 'Cunégonde', '1093-10-29', '827-151-37', 'de Pinna.Cunégonde@hainaut-promsoc.be', 'hNkXc23', '8 8th Point'),
(1801, 3, 1, 'Crosseland', 'Bérangère', '1761-04-07', '137-160-45', 'Crosseland.Bérangère@hainaut-promsoc.be', 'nBZqFbJSL0OC', '66 Southridge Circle'),
(1802, 1, 1, 'Vautre', 'Nadège', '1410-11-14', '667-348-44', 'Vautre.Nadège@hainaut-promsoc.be', 'fJSMm8R', '123 Arkansas Point'),
(1803, 4, 1, 'Beadon', 'Cléopatre', '1630-08-10', '250-467-56', 'Beadon.Cléopatre@hainaut-promsoc.be', 'KIplBy4ARzoY', '2897 Esch Circle'),
(1804, 2, 1, 'Baxandall', 'Ruì', '1909-01-08', '960-665-37', 'Baxandall.Ruì@hainaut-promsoc.be', 'Mc5EPqvk', '2 Kenwood Hill'),
(1805, 3, 1, 'Casburn', 'Pélagie', '1335-04-23', '933-533-88', 'Casburn.Pélagie@hainaut-promsoc.be', '76KJ6KZ', '920 Warner Pass'),
(1806, 5, 1, 'Tant', 'Léandre', '1384-04-04', '212-773-83', 'Tant.Léandre@hainaut-promsoc.be', 'H1JgbrLdFAUY', '398 Utah Plaza'),
(1807, 5, 1, 'Bleazard', 'Marlène', '1319-08-03', '246-495-86', 'Bleazard.Marlène@hainaut-promsoc.be', 'xB7xWoDR', '66170 John Wall Crossing'),
(1808, 5, 1, 'Ruffle', 'Pélagie', '1563-03-26', '408-839-86', 'Ruffle.Pélagie@hainaut-promsoc.be', '3qpnilX8', '405 Starling Junction'),
(1809, 5, 1, 'Bosworth', 'Almérinda', '1636-05-03', '706-401-69', 'Bosworth.Almérinda@hainaut-promsoc.be', 'JeXxhVwU4eD', '26 Eastlawn Place'),
(1810, 5, 1, 'Dome', 'Lyséa', '1955-07-21', '398-142-12', 'Dome.Lyséa@hainaut-promsoc.be', '3MZTaDKcy6', '97 Schurz Plaza'),
(1811, 4, 1, 'Bellenie', 'Lén', '1514-08-05', '851-547-52', 'Bellenie.Lén@hainaut-promsoc.be', 'r9YJAlwaG', '984 Monument Alley'),
(1812, 4, 1, 'Cleyne', 'Gaëlle', '1857-11-29', '824-718-93', 'Cleyne.Gaëlle@hainaut-promsoc.be', 'PyfqqF5I', '15352 Sugar Terrace'),
(1813, 3, 1, 'De Fraine', 'Géraldine', '1883-10-07', '362-834-96', 'De Fraine.Géraldine@hainaut-promsoc.be', 'YEpqzutuQ', '3 Alpine Drive'),
(1814, 4, 1, 'Achurch', 'Véronique', '1505-12-07', '899-702-98', 'Achurch.Véronique@hainaut-promsoc.be', 'vtZsVZwzmA', '92 Esker Court'),
(1815, 1, 1, 'Duckels', 'Pò', '1919-08-13', '905-969-97', 'Duckels.Pò@hainaut-promsoc.be', 'QD9uek2t', '1 Rockefeller Lane'),
(1816, 3, 1, 'Tuffrey', 'Görel', '1544-03-17', '816-594-70', 'Tuffrey.Görel@hainaut-promsoc.be', 'I56JAaF5W5dl', '75347 Ludington Way'),
(1817, 1, 1, 'Allpress', 'Táng', '1740-02-12', '389-466-53', 'Allpress.Táng@hainaut-promsoc.be', 'ZqPXX5tu', '2 Jay Court'),
(1818, 5, 1, 'Noah', 'Bérengère', '1398-04-16', '824-248-21', 'Noah.Bérengère@hainaut-promsoc.be', 'DYft6n9lX7', '1 Rigney Point'),
(1819, 3, 1, 'Mattessen', 'Anaël', '1693-02-13', '105-728-11', 'Mattessen.Anaël@hainaut-promsoc.be', 'PpEnsj8PqnmO', '5 Spenser Drive'),
(1820, 3, 1, 'Flahive', 'Adélaïde', '1808-11-23', '979-577-23', 'Flahive.Adélaïde@hainaut-promsoc.be', 'gAUpBBKGY2', '86669 Magdeline Park'),
(1821, 2, 1, 'Sipson', 'Björn', '1169-04-10', '466-397-63', 'Sipson.Björn@hainaut-promsoc.be', 'D3pwsLz', '71 Charing Cross Way'),
(1822, 5, 1, 'Steuart', 'Görel', '1157-05-15', '481-776-72', 'Steuart.Görel@hainaut-promsoc.be', 'EtVxlb0rm7', '42 Bowman Place'),
(1823, 3, 1, 'Hintze', 'Josée', '1757-02-23', '544-505-36', 'Hintze.Josée@hainaut-promsoc.be', 'hO9gXvIYEqD', '90 Jay Alley'),
(1824, 5, 1, 'Grewar', 'Méryl', '1802-11-18', '728-700-88', 'Grewar.Méryl@hainaut-promsoc.be', 'u8Qetp', '829 Anniversary Hill'),
(1825, 3, 1, 'Parlot', 'Maïté', '1777-08-17', '167-819-89', 'Parlot.Maïté@hainaut-promsoc.be', '1qQ56bR', '8698 Shopko Avenue'),
(1826, 1, 1, 'Lilford', 'Lài', '1820-01-10', '378-521-96', 'Lilford.Lài@hainaut-promsoc.be', 'O4IfJIBH', '561 Lakeland Terrace'),
(1827, 1, 1, 'Mintoft', 'Loïca', '1934-05-26', '302-986-41', 'Mintoft.Loïca@hainaut-promsoc.be', '3yOPeCmri', '34531 Independence Circle'),
(1828, 3, 1, 'MacAirt', 'Åke', '1913-01-19', '239-426-34', 'MacAirt.Åke@hainaut-promsoc.be', 'FzdHnZ9n838B', '8388 Marcy Point'),
(1829, 1, 1, 'Kilmartin', 'Cunégonde', '1705-02-07', '621-450-28', 'Kilmartin.Cunégonde@hainaut-promsoc.be', 'wPJhaYyi3is', '49 Pawling Terrace'),
(1830, 5, 1, 'Priestner', 'Maëline', '1535-03-10', '164-674-84', 'Priestner.Maëline@hainaut-promsoc.be', 'wWmjlH', '59573 Orin Parkway'),
(1831, 3, 1, 'Gomby', 'Nadège', '1891-12-21', '315-755-41', 'Gomby.Nadège@hainaut-promsoc.be', 'z4c006', '35028 Havey Junction'),
(1832, 5, 1, 'Ranscome', 'Léandre', '1078-12-24', '724-458-11', 'Ranscome.Léandre@hainaut-promsoc.be', 'LPCHN2lpe', '0183 Lindbergh Park'),
(1833, 3, 1, 'Ottam', 'Célestine', '1925-04-22', '332-918-34', 'Ottam.Célestine@hainaut-promsoc.be', '8kPQKz', '4 Mandrake Place'),
(1834, 2, 1, 'Durden', 'Frédérique', '1797-08-28', '616-538-15', 'Durden.Frédérique@hainaut-promsoc.be', '3xhKSTW3Jl', '8 Prairieview Road'),
(1835, 5, 1, 'Shippard', 'Almérinda', '1304-05-01', '356-287-40', 'Shippard.Almérinda@hainaut-promsoc.be', 'r3DalPdqJ', '76 Lakewood Plaza'),
(1836, 1, 1, 'Chaloner', 'Noémie', '1946-11-01', '983-468-68', 'Chaloner.Noémie@hainaut-promsoc.be', 'Wga1cCT7fZTq', '922 Crescent Oaks Plaza'),
(1837, 4, 1, 'Whymark', 'Märta', '1811-01-26', '898-100-75', 'Whymark.Märta@hainaut-promsoc.be', 'dbgGUg', '4839 Hansons Way'),
(1838, 5, 1, 'Aseef', 'Loïc', '1605-08-17', '325-345-95', 'Aseef.Loïc@hainaut-promsoc.be', 'AIG9CP', '23634 Corry Hill'),
(1839, 1, 1, 'Ortega', 'Estée', '1975-10-23', '535-559-51', 'Ortega.Estée@hainaut-promsoc.be', 'POIrl1Z0O', '4579 Sachs Lane'),
(1840, 1, 1, 'Lamplugh', 'Personnalisée', '1842-08-10', '389-667-34', 'Lamplugh.Personnalisée@hainaut-promsoc.be', '9WDqIc', '6281 Fulton Drive'),
(1841, 3, 1, 'Somerlie', 'Yè', '1984-12-11', '160-822-29', 'Somerlie.Yè@hainaut-promsoc.be', '8fNiaPV', '8117 Pine View Avenue'),
(1842, 2, 1, 'McGaraghan', 'Mà', '1241-10-02', '724-223-82', 'McGaraghan.Mà@hainaut-promsoc.be', 'K9y3kLNV', '54 Dennis Point'),
(1843, 5, 1, 'Dumphrey', 'Hélèna', '1385-01-28', '411-645-99', 'Dumphrey.Hélèna@hainaut-promsoc.be', 'fEczGe', '22695 Alpine Parkway'),
(1844, 1, 1, 'Kilgrew', 'Lén', '1394-06-04', '327-822-83', 'Kilgrew.Lén@hainaut-promsoc.be', 'vkSe18uB', '49 Troy Alley'),
(1845, 3, 1, 'Gallifont', 'Märta', '1329-03-06', '656-819-97', 'Gallifont.Märta@hainaut-promsoc.be', 'nWBr0aTk', '453 Thierer Terrace'),
(1846, 5, 1, 'Sola', 'Garçon', '1559-01-22', '810-343-98', 'Sola.Garçon@hainaut-promsoc.be', 'fpitbD', '4486 Boyd Way'),
(1847, 1, 1, 'Cansfield', 'Eloïse', '1732-01-11', '480-586-31', 'Cansfield.Eloïse@hainaut-promsoc.be', 'Umjibxip', '11 Mosinee Way'),
(1848, 2, 1, 'Sirey', 'Andrée', '1749-05-09', '999-118-07', 'Sirey.Andrée@hainaut-promsoc.be', 'CorUvmAwX9', '16964 Scoville Pass'),
(1849, 5, 1, 'Le Fevre', 'Géraldine', '1808-07-14', '951-561-32', 'Le Fevre.Géraldine@hainaut-promsoc.be', '4wfSlXCR', '185 Daystar Junction'),
(1850, 2, 1, 'Duran', 'Tú', '1369-02-04', '169-131-86', 'Duran.Tú@hainaut-promsoc.be', 'QhZIF4EcAn', '840 Lillian Point'),
(1851, 3, 1, 'Colthard', 'Célia', '2002-06-13', '200-117-29', 'Colthard.Célia@hainaut-promsoc.be', 'lsWPGt', '5971 Montana Circle'),
(1852, 3, 1, 'Tofful', 'Maëlann', '1223-08-30', '307-805-42', 'Tofful.Maëlann@hainaut-promsoc.be', 'qDJehYs', '08493 Bellgrove Place'),
(1853, 1, 1, 'Bruhnke', 'Personnalisée', '1529-05-23', '517-230-67', 'Bruhnke.Personnalisée@hainaut-promsoc.be', 'LiqvXwceruX', '4 Tennessee Place'),
(1854, 3, 1, 'Ableson', 'Eléa', '1758-05-03', '597-989-49', 'Ableson.Eléa@hainaut-promsoc.be', 'cPiz15x', '1 American Ash Junction'),
(1855, 2, 1, 'Stoneley', 'Renée', '1280-05-23', '248-714-14', 'Stoneley.Renée@hainaut-promsoc.be', 'lbinLY3KXE', '8 Arapahoe Parkway'),
(1856, 1, 1, 'Dalbey', 'Åsa', '1130-12-06', '369-503-91', 'Dalbey.Åsa@hainaut-promsoc.be', '2cR4UhTRD', '516 Green Ridge Street'),
(1857, 2, 1, 'Crowhurst', 'Eliès', '1342-11-14', '160-889-69', 'Crowhurst.Eliès@hainaut-promsoc.be', 'WtC1P41L', '24 Merchant Terrace'),
(1858, 2, 1, 'Byrkmyr', 'Laurélie', '1122-07-25', '557-352-91', 'Byrkmyr.Laurélie@hainaut-promsoc.be', 'RRNxcml', '824 Dapin Center'),
(1859, 1, 1, 'Bamfield', 'Méthode', '1664-06-13', '984-251-41', 'Bamfield.Méthode@hainaut-promsoc.be', 'TqbltZbPwj', '41 Redwing Avenue'),
(1860, 5, 1, 'Foggarty', 'Annotée', '1615-01-04', '461-150-36', 'Foggarty.Annotée@hainaut-promsoc.be', 'TBeBxsF', '85 Washington Street'),
(1861, 2, 1, 'Oiller', 'Camélia', '1625-04-17', '717-551-47', 'Oiller.Camélia@hainaut-promsoc.be', 'y7YUik', '280 Delladonna Street'),
(1862, 2, 1, 'Stebbings', 'Mélia', '1468-08-25', '289-566-16', 'Stebbings.Mélia@hainaut-promsoc.be', 'KbTd16qHiB3', '112 Fuller Circle'),
(1863, 5, 1, 'Ivashev', 'Léa', '1872-05-09', '725-204-42', 'Ivashev.Léa@hainaut-promsoc.be', 'xmt7C8L', '8 Jay Crossing'),
(1864, 1, 1, 'Calafate', 'Maëlys', '1665-01-12', '708-504-33', 'Calafate.Maëlys@hainaut-promsoc.be', 'Q6LfD9BG', '3 Kinsman Place'),
(1865, 3, 1, 'Yesinin', 'Personnalisée', '1277-12-30', '476-265-34', 'Yesinin.Personnalisée@hainaut-promsoc.be', 'WpexKa7bfvu', '07169 Karstens Court'),
(1866, 2, 1, 'Scripture', 'Marie-thérèse', '1608-06-24', '657-805-37', 'Scripture.Marie-thérèse@hainaut-promsoc.be', 'NoqazX49bk', '81976 Dapin Street'),
(1867, 1, 1, 'Meriguet', 'Miléna', '1915-10-15', '688-524-35', 'Meriguet.Miléna@hainaut-promsoc.be', 'uD8JVtP', '80 Rigney Drive'),
(1868, 1, 1, 'Sultana', 'Uò', '1687-05-10', '370-837-30', 'Sultana.Uò@hainaut-promsoc.be', 'zp7nEGrnm', '2916 2nd Lane'),
(1869, 2, 1, 'Hackney', 'Intéressant', '1550-06-08', '833-229-28', 'Hackney.Intéressant@hainaut-promsoc.be', 'DPwl83', '80415 Southridge Trail'),
(1870, 5, 1, 'Eastway', 'Séréna', '1429-11-19', '666-726-87', 'Eastway.Séréna@hainaut-promsoc.be', 'XUr69q', '76 Spaight Lane'),
(1871, 1, 1, 'Fawcett', 'Sòng', '1266-11-07', '634-809-63', 'Fawcett.Sòng@hainaut-promsoc.be', 'rxnWmG', '775 Sycamore Park'),
(1872, 2, 1, 'McInnery', 'Maëlann', '1071-02-17', '609-435-56', 'McInnery.Maëlann@hainaut-promsoc.be', 'e4RKXGW', '8152 1st Crossing'),
(1873, 5, 1, 'Sapsed', 'Bérénice', '1923-12-20', '333-781-10', 'Sapsed.Bérénice@hainaut-promsoc.be', 'FXGO4yVB', '6 Delladonna Drive'),
(1874, 5, 1, 'Wofenden', 'Intéressant', '1371-11-06', '920-953-81', 'Wofenden.Intéressant@hainaut-promsoc.be', 'IsCGV5Ba', '370 Leroy Alley'),
(1875, 4, 1, 'O\' Gara', 'Stévina', '1314-05-26', '871-996-98', 'O\' Gara.Stévina@hainaut-promsoc.be', 't1pPHtocP', '84341 Manley Lane'),
(1876, 1, 1, 'Dumbarton', 'Styrbjörn', '1575-05-29', '835-427-21', 'Dumbarton.Styrbjörn@hainaut-promsoc.be', 'r2r67EJxvF', '79 Gale Plaza'),
(1877, 1, 1, 'Grelka', 'Joséphine', '1460-05-15', '478-700-57', 'Grelka.Joséphine@hainaut-promsoc.be', 'fOf113f', '0541 Saint Paul Terrace'),
(1878, 2, 1, 'Fricke', 'Vénus', '1181-05-29', '864-876-90', 'Fricke.Vénus@hainaut-promsoc.be', 'IiTFUsT', '62585 Ryan Trail'),
(1879, 4, 1, 'Di Domenico', 'Cécilia', '1752-10-21', '784-167-18', 'Di Domenico.Cécilia@hainaut-promsoc.be', 'UhKkmhKoHQl', '366 Schlimgen Lane'),
(1880, 1, 1, 'Spadaro', 'Marlène', '1500-04-17', '529-809-70', 'Spadaro.Marlène@hainaut-promsoc.be', 'uDrHz47', '695 Dunning Point'),
(1881, 4, 1, 'Mechi', 'Stévina', '1848-02-24', '314-156-76', 'Mechi.Stévina@hainaut-promsoc.be', '4C1CyxwB', '5660 Killdeer Avenue'),
(1882, 1, 1, 'McGrudder', 'Wá', '1840-05-23', '681-161-10', 'McGrudder.Wá@hainaut-promsoc.be', 'DifdoMh', '9677 Claremont Trail'),
(1883, 4, 1, 'McMoyer', 'Maïly', '1422-04-19', '217-697-52', 'McMoyer.Maïly@hainaut-promsoc.be', '6Y795IyUyUo', '0 Corscot Road'),
(1884, 1, 1, 'Stooders', 'Gösta', '1888-10-10', '251-909-31', 'Stooders.Gösta@hainaut-promsoc.be', 'Ym6qH99VtU', '326 Scott Parkway'),
(1885, 1, 1, 'Diloway', 'Desirée', '1757-03-03', '860-518-22', 'Diloway.Desirée@hainaut-promsoc.be', 'Zr5AYT2gF6n', '474 Clove Point'),
(1886, 5, 1, 'Torry', 'Rébecca', '1174-03-24', '369-395-14', 'Torry.Rébecca@hainaut-promsoc.be', 'U4rJmNyg4Pt', '30975 Sunfield Place'),
(1887, 4, 1, 'Whelan', 'Loïca', '1654-07-06', '537-814-20', 'Whelan.Loïca@hainaut-promsoc.be', 'VqVrBPw', '03091 Kings Lane'),
(1888, 3, 1, 'Culver', 'Crééz', '1330-01-01', '529-391-65', 'Culver.Crééz@hainaut-promsoc.be', 'dynraOnnaiT', '3 Hazelcrest Junction'),
(1889, 1, 1, 'Kitchen', 'Frédérique', '1180-02-26', '784-204-71', 'Kitchen.Frédérique@hainaut-promsoc.be', 'uQ2jr6pW0ZU3', '623 Hudson Trail'),
(1890, 4, 1, 'Monan', 'Pål', '1270-10-03', '971-188-98', 'Monan.Pål@hainaut-promsoc.be', 'lPp12fR', '97367 Anthes Way'),
(1891, 4, 1, 'Berrisford', 'Clémentine', '1335-03-22', '725-916-48', 'Berrisford.Clémentine@hainaut-promsoc.be', 'jcnGo5PdjH', '2679 Almo Drive'),
(1892, 3, 1, 'Gadd', 'Amélie', '1974-10-31', '614-864-09', 'Gadd.Amélie@hainaut-promsoc.be', 'OXn4fgWVIOdy', '98836 Sloan Crossing'),
(1893, 3, 1, 'Gambrell', 'Camélia', '1583-03-26', '381-460-33', 'Gambrell.Camélia@hainaut-promsoc.be', 'rSGkpUp6OR', '567 Mccormick Way'),
(1894, 3, 1, 'Grimditch', 'Pò', '1919-04-24', '490-387-83', 'Grimditch.Pò@hainaut-promsoc.be', 'f68oyQ', '479 1st Terrace'),
(1895, 3, 1, 'Westall', 'Estève', '1245-03-22', '232-329-68', 'Westall.Estève@hainaut-promsoc.be', 'PKXx5P', '63 Blackbird Street'),
(1896, 1, 1, 'Padberry', 'Edmée', '1735-09-12', '969-411-85', 'Padberry.Edmée@hainaut-promsoc.be', 'fA5crUXQ', '27290 Shopko Court'),
(1897, 1, 1, 'Fellona', 'Marie-hélène', '1751-06-12', '810-261-49', 'Fellona.Marie-hélène@hainaut-promsoc.be', 'ynKlRXYtwydZ', '3551 Shasta Avenue'),
(1898, 1, 1, 'Acres', 'Clémence', '1784-03-25', '579-487-85', 'Acres.Clémence@hainaut-promsoc.be', 'YolFTRazB3', '9358 Gale Way'),
(1899, 5, 1, 'Reynish', 'Anaël', '1477-09-03', '977-912-12', 'Reynish.Anaël@hainaut-promsoc.be', 'UiQ3ojHwUXu', '2 Iowa Alley'),
(1900, 5, 1, 'Ingleton', 'Néhémie', '1494-10-06', '399-466-19', 'Ingleton.Néhémie@hainaut-promsoc.be', 'n3ErsCLPk5az', '1 La Follette Crossing'),
(1901, 2, 1, 'Hymas', 'Ruì', '1251-08-02', '404-516-62', 'Hymas.Ruì@hainaut-promsoc.be', 'GDSaIAUVL57f', '74 Artisan Point'),
(1902, 3, 1, 'Doelle', 'Thérèse', '1948-06-02', '855-508-60', 'Doelle.Thérèse@hainaut-promsoc.be', 'yhoCdq5vjh', '4214 Surrey Alley'),
(1903, 3, 1, 'Torvey', 'Eléonore', '1944-11-19', '974-670-64', 'Torvey.Eléonore@hainaut-promsoc.be', 'k8ajVVlq', '14408 Maryland Court'),
(1904, 1, 1, 'Bompass', 'Intéressant', '1477-08-20', '654-933-29', 'Bompass.Intéressant@hainaut-promsoc.be', 'jvzaKcyA3jrq', '593 Del Mar Circle'),
(1905, 2, 1, 'Disney', 'Béatrice', '1993-04-28', '346-958-84', 'Disney.Béatrice@hainaut-promsoc.be', 'OLiwe1DOfXzG', '04344 Bluestem Circle'),
(1906, 1, 1, 'Sandcroft', 'Styrbjörn', '1207-12-02', '287-875-68', 'Sandcroft.Styrbjörn@hainaut-promsoc.be', 'nKzPv59', '31444 Fisk Trail'),
(1907, 2, 1, 'Doncaster', 'Françoise', '1109-08-26', '535-700-40', 'Doncaster.Françoise@hainaut-promsoc.be', 'Z2ZUid6f', '8 Warner Lane'),
(1908, 5, 1, 'Flavelle', 'Miléna', '1808-10-18', '258-266-15', 'Flavelle.Miléna@hainaut-promsoc.be', 'e7eQAGCWYy4s', '25 Rusk Parkway'),
(1909, 4, 1, 'Yeoman', 'Noémie', '1983-09-19', '634-116-76', 'Yeoman.Noémie@hainaut-promsoc.be', '8Kx9Iv', '13009 Warbler Parkway'),
(1910, 3, 1, 'O\'Griffin', 'Lucrèce', '1784-11-10', '757-256-55', 'O\'Griffin.Lucrèce@hainaut-promsoc.be', 'UOsx7SnXMbJ', '25765 Schiller Drive'),
(1911, 1, 1, 'Keatley', 'Torbjörn', '1143-02-27', '679-771-13', 'Keatley.Torbjörn@hainaut-promsoc.be', 'mkk9xgZaiHWK', '58 Muir Park'),
(1912, 4, 1, 'Hanaby', 'Yóu', '1874-04-21', '848-341-19', 'Hanaby.Yóu@hainaut-promsoc.be', 'zw3l2r', '747 Quincy Center'),
(1913, 5, 1, 'Falks', 'Mélinda', '1213-12-26', '754-131-55', 'Falks.Mélinda@hainaut-promsoc.be', 'POtMx1', '52098 Manley Circle'),
(1914, 2, 1, 'O\'Leagham', 'Océanne', '1186-08-24', '132-364-12', 'O\'Leagham.Océanne@hainaut-promsoc.be', 'o8iH4YruM', '88443 Prentice Parkway'),
(1915, 1, 1, 'Moohan', 'Maïlis', '1533-04-26', '590-970-52', 'Moohan.Maïlis@hainaut-promsoc.be', '9zycjf0IrW', '0322 Merrick Street'),
(1916, 4, 1, 'Kulas', 'Ruò', '1206-07-17', '430-719-34', 'Kulas.Ruò@hainaut-promsoc.be', 'mANrei', '68811 Weeping Birch Place'),
(1917, 2, 1, 'Fante', 'Ruò', '1613-11-04', '592-342-53', 'Fante.Ruò@hainaut-promsoc.be', '9gm48Ugida', '50616 Northfield Place'),
(1918, 2, 1, 'Vanderplas', 'Marie-noël', '1936-11-03', '981-774-33', 'Vanderplas.Marie-noël@hainaut-promsoc.be', 'SmYd9z2', '8802 Iowa Street'),
(1919, 3, 1, 'Caff', 'Lucrèce', '1830-12-24', '469-467-31', 'Caff.Lucrèce@hainaut-promsoc.be', 'EAAcmnyLjRE', '94 Hooker Trail'),
(1920, 2, 1, 'Zahor', 'Táng', '1404-08-06', '168-723-57', 'Zahor.Táng@hainaut-promsoc.be', 'Ny65Gz', '766 Waxwing Drive'),
(1921, 5, 1, 'Wardhaw', 'Maï', '1782-08-21', '207-578-72', 'Wardhaw.Maï@hainaut-promsoc.be', 'p51QGdcj', '2964 Sycamore Crossing'),
(1922, 1, 1, 'Millichip', 'Pénélope', '1633-04-14', '260-896-36', 'Millichip.Pénélope@hainaut-promsoc.be', 'n8K7DmshVfEQ', '64836 Bay Junction'),
(1923, 2, 1, 'Gottelier', 'Maëlyss', '1573-11-14', '517-897-11', 'Gottelier.Maëlyss@hainaut-promsoc.be', 'D13fRL', '2504 Shoshone Circle'),
(1924, 4, 1, 'Iddy', 'Réservés', '1947-04-15', '425-189-62', 'Iddy.Réservés@hainaut-promsoc.be', 'n22rIh14C', '6 Springs Court'),
(1925, 2, 1, 'Parffrey', 'Réjane', '1234-05-09', '838-636-74', 'Parffrey.Réjane@hainaut-promsoc.be', '8oTZc0TSZ', '94933 Pierstorff Road'),
(1926, 2, 1, 'Shobbrook', 'Océanne', '1924-04-09', '471-653-49', 'Shobbrook.Océanne@hainaut-promsoc.be', 'PEHAQaw7Ny', '960 Sloan Circle'),
(1927, 5, 1, 'Glynne', 'Åsa', '1922-02-20', '940-729-47', 'Glynne.Åsa@hainaut-promsoc.be', 'U36OVY4fGCz4', '46 Lotheville Point'),
(1928, 3, 1, 'Tarbard', 'Marie-josée', '1129-08-30', '849-581-98', 'Tarbard.Marie-josée@hainaut-promsoc.be', 'tAsJ26p', '3709 Prairieview Way'),
(1929, 4, 1, 'Chansonnau', 'Frédérique', '1073-09-25', '612-596-39', 'Chansonnau.Frédérique@hainaut-promsoc.be', 'GlZm5d', '4 Bunker Hill Plaza'),
(1930, 4, 1, 'Exter', 'Marie-françoise', '1168-01-04', '435-318-50', 'Exter.Marie-françoise@hainaut-promsoc.be', 'dtYxAe3HOShw', '9882 Dottie Way'),
(1931, 1, 1, 'Clendennen', 'Torbjörn', '1283-08-10', '871-597-63', 'Clendennen.Torbjörn@hainaut-promsoc.be', 'As0Lmn', '4713 Towne Center'),
(1932, 1, 1, 'Jedraszek', 'Maëlle', '1084-06-13', '598-881-05', 'Jedraszek.Maëlle@hainaut-promsoc.be', 'PDHnz4sr0O', '5100 Sunnyside Court'),
(1933, 5, 1, 'Trowle', 'Ráo', '1166-02-22', '962-256-76', 'Trowle.Ráo@hainaut-promsoc.be', '8tkpbVPWshtw', '05 Continental Plaza'),
(1934, 4, 1, 'Harrad', 'Mélia', '1985-06-29', '578-844-26', 'Harrad.Mélia@hainaut-promsoc.be', 'u643G2ZcQ', '52 Mayfield Street'),
(1935, 1, 1, 'Osborn', 'Hélèna', '1625-05-21', '390-342-06', 'Osborn.Hélèna@hainaut-promsoc.be', 'HGtcunevp', '0937 Vernon Avenue'),
(1936, 2, 1, 'White', 'Cinéma', '1828-12-02', '183-480-18', 'White.Cinéma@hainaut-promsoc.be', 'i3KDIFa', '47 Lien Place'),
(1937, 4, 1, 'De Ath', 'Almérinda', '1844-04-25', '908-872-83', 'De Ath.Almérinda@hainaut-promsoc.be', 'qpNG5SrBDGB', '129 Green Ridge Avenue'),
(1938, 4, 1, 'Liversedge', 'Görel', '1266-09-05', '913-623-19', 'Liversedge.Görel@hainaut-promsoc.be', 'gkfjZ9nJP', '32698 Algoma Avenue'),
(1939, 2, 1, 'Dubock', 'Pò', '1547-11-30', '404-153-66', 'Dubock.Pò@hainaut-promsoc.be', '7aDjz3pjW6', '89222 Welch Hill'),
(1940, 2, 1, 'Karppi', 'Mélinda', '1234-04-26', '815-116-12', 'Karppi.Mélinda@hainaut-promsoc.be', 'Kb7zdRDix8', '53 Menomonie Plaza'),
(1941, 5, 1, 'Mizen', 'Mén', '1325-12-28', '744-240-76', 'Mizen.Mén@hainaut-promsoc.be', 'BSfuSux', '3 Summerview Place'),
(1942, 2, 1, 'Albasiny', 'Cinéma', '1336-03-25', '936-512-07', 'Albasiny.Cinéma@hainaut-promsoc.be', 'D7m5z75dIN', '6643 Tennessee Way'),
(1943, 1, 1, 'Tweddle', 'Kuí', '1198-08-01', '398-387-73', 'Tweddle.Kuí@hainaut-promsoc.be', 'BEeHfZLyKNc', '9 Monica Point'),
(1944, 5, 1, 'Dinesen', 'Björn', '1316-01-05', '400-666-90', 'Dinesen.Björn@hainaut-promsoc.be', '32rtnZ', '1466 Esker Plaza'),
(1945, 2, 1, 'Hensmans', 'Aí', '1418-05-28', '499-473-41', 'Hensmans.Aí@hainaut-promsoc.be', 'GYDjlMtr9kgS', '6019 Old Gate Junction'),
(1946, 3, 1, 'Pritchett', 'Frédérique', '1561-10-11', '893-580-02', 'Pritchett.Frédérique@hainaut-promsoc.be', 'ZzadgGYsL', '11270 Bellgrove Court'),
(1947, 1, 1, 'Saiz', 'Marie-thérèse', '1311-05-04', '303-717-99', 'Saiz.Marie-thérèse@hainaut-promsoc.be', 'xzsfZFTvBF9g', '27751 Hanover Plaza'),
(1948, 2, 1, 'Cattermoul', 'Estée', '1380-12-31', '714-747-31', 'Cattermoul.Estée@hainaut-promsoc.be', 'Z6ZEdW', '105 Oakridge Pass'),
(1949, 3, 1, 'Strotton', 'Pål', '1721-06-28', '418-213-26', 'Strotton.Pål@hainaut-promsoc.be', 'uQEPyl', '467 Maryland Parkway'),
(1950, 5, 1, 'Mcall', 'Alizée', '1252-03-01', '652-829-41', 'Mcall.Alizée@hainaut-promsoc.be', 'luFEsI5Mx', '99167 Emmet Street'),
(1951, 1, 1, 'Ciani', 'Dafnée', '1906-07-26', '324-305-96', 'Ciani.Dafnée@hainaut-promsoc.be', 'A0349DDLkegG', '50023 Haas Junction'),
(1952, 2, 1, 'Burthom', 'Fèi', '1961-11-27', '109-150-34', 'Burthom.Fèi@hainaut-promsoc.be', 'dcKpToJ33', '5402 Hansons Center'),
(1953, 5, 1, 'Jobling', 'Camélia', '1752-06-17', '802-952-23', 'Jobling.Camélia@hainaut-promsoc.be', 'lmxLkBlH', '75782 Arizona Crossing'),
(1954, 5, 1, 'Vanezis', 'Estée', '1946-09-18', '180-226-84', 'Vanezis.Estée@hainaut-promsoc.be', 'gS59ftkk0', '06 Arapahoe Place'),
(1955, 5, 1, 'Lavalle', 'Agnès', '1686-07-10', '479-661-26', 'Lavalle.Agnès@hainaut-promsoc.be', 'djSCWmB9vc8', '082 Monument Place'),
(1956, 4, 1, 'Vasyagin', 'Ruò', '1115-01-30', '695-226-98', 'Vasyagin.Ruò@hainaut-promsoc.be', 'OEq6rfAk1v1', '4305 Linden Junction'),
(1957, 3, 1, 'Houson', 'Inès', '1464-05-31', '598-412-72', 'Houson.Inès@hainaut-promsoc.be', 'AzWtRz1Urgfn', '4 Manufacturers Parkway'),
(1958, 2, 1, 'Morling', 'Mélys', '1741-12-03', '466-849-62', 'Morling.Mélys@hainaut-promsoc.be', 'fhnZxLvWN', '740 Blaine Drive'),
(1959, 1, 1, 'Grunnell', 'Yú', '1397-01-01', '144-305-95', 'Grunnell.Yú@hainaut-promsoc.be', '7Jevyga', '6 Petterle Drive'),
(1960, 5, 1, 'McGlynn', 'Marie-hélène', '1276-09-10', '308-315-82', 'McGlynn.Marie-hélène@hainaut-promsoc.be', 'Oyym6y5t', '064 Westridge Terrace'),
(1961, 1, 1, 'Giffin', 'Noémie', '1141-03-08', '995-652-76', 'Giffin.Noémie@hainaut-promsoc.be', 'xw1QHT', '0384 Towne Hill'),
(1962, 4, 1, 'Pyner', 'Uò', '1671-11-09', '181-317-76', 'Pyner.Uò@hainaut-promsoc.be', 'msueb42SV7', '96063 Starling Circle'),
(1963, 5, 1, 'Bettam', 'Marie-hélène', '1257-10-24', '516-792-06', 'Bettam.Marie-hélène@hainaut-promsoc.be', 'LsP4LB', '5313 Sachs Street'),
(1964, 1, 1, 'Bestall', 'Mén', '1696-08-14', '631-398-10', 'Bestall.Mén@hainaut-promsoc.be', 'koaKgGVy3', '726 Mesta Alley'),
(1965, 4, 1, 'Elford', 'Valérie', '1500-09-25', '538-236-24', 'Elford.Valérie@hainaut-promsoc.be', 'WpfNvi52ae6', '52 Fisk Way'),
(1966, 1, 1, 'Winscom', 'Chloé', '1377-04-03', '825-975-71', 'Winscom.Chloé@hainaut-promsoc.be', 'JSENzcjH', '83 1st Parkway'),
(1967, 5, 1, 'Alltimes', 'Måns', '1197-07-29', '612-933-11', 'Alltimes.Måns@hainaut-promsoc.be', 'g7a2DdA9', '651 Troy Point'),
(1968, 4, 1, 'Vaudrey', 'Rachèle', '1673-02-23', '734-230-74', 'Vaudrey.Rachèle@hainaut-promsoc.be', 'RESEE4aFdhiC', '57 Buena Vista Court'),
(1969, 5, 1, 'Clucas', 'Fèi', '2002-06-03', '435-835-78', 'Clucas.Fèi@hainaut-promsoc.be', 'Poyz74sdF', '52545 Fordem Center'),
(1970, 2, 1, 'Grinin', 'Eugénie', '1505-07-17', '319-608-33', 'Grinin.Eugénie@hainaut-promsoc.be', 'Mzqxpf7VTqgk', '04536 Hansons Trail'),
(1971, 2, 1, 'Ledford', 'Kuí', '1270-01-29', '701-757-12', 'Ledford.Kuí@hainaut-promsoc.be', 'jB88eF39nnF', '5 Bashford Terrace'),
(1972, 2, 1, 'Sobczak', 'Judicaël', '1704-04-12', '938-160-91', 'Sobczak.Judicaël@hainaut-promsoc.be', 'DG8QhwCnB', '20503 Glendale Point'),
(1973, 2, 1, 'Paradine', 'Solène', '1280-08-17', '743-208-32', 'Paradine.Solène@hainaut-promsoc.be', 'S3fkYuDhL5gX', '8659 Bayside Pass'),
(1974, 4, 1, 'Di Baudi', 'Hélèna', '1220-07-12', '921-121-14', 'Di Baudi.Hélèna@hainaut-promsoc.be', '4FdoLtgax', '1 Dennis Plaza'),
(1975, 3, 1, 'Abdon', 'Aurélie', '1266-07-28', '775-962-29', 'Abdon.Aurélie@hainaut-promsoc.be', 'IHfZsbmY', '52 Cody Point'),
(1976, 3, 1, 'Really', 'Desirée', '1791-07-08', '648-406-34', 'Really.Desirée@hainaut-promsoc.be', 'b40ihr3n1', '05 Nelson Park'),
(1977, 1, 1, 'Fearn', 'Bérangère', '1184-09-08', '532-961-88', 'Fearn.Bérangère@hainaut-promsoc.be', 'as7GVz2TH', '628 Wayridge Terrace'),
(1978, 5, 1, 'Deroche', 'Loïc', '1703-06-08', '750-336-72', 'Deroche.Loïc@hainaut-promsoc.be', 'wsCmpox', '90 Stang Way'),
(1979, 1, 1, 'Hancox', 'Liè', '1099-10-02', '552-948-15', 'Hancox.Liè@hainaut-promsoc.be', '7yJtWQ', '01 Hudson Center'),
(1980, 1, 1, 'Franca', 'Mégane', '1225-07-27', '761-371-43', 'Franca.Mégane@hainaut-promsoc.be', 'zYMN5P3g', '0365 Browning Center'),
(1981, 5, 1, 'Camock', 'Estée', '1343-09-16', '580-669-16', 'Camock.Estée@hainaut-promsoc.be', 'QfdMGoL', '8209 Loeprich Court'),
(1982, 5, 1, 'Christer', 'Inès', '1420-03-23', '120-629-86', 'Christer.Inès@hainaut-promsoc.be', 'eg2SrJisW', '2 Shopko Hill'),
(1983, 2, 1, 'Ovens', 'Régine', '1565-10-14', '608-401-94', 'Ovens.Régine@hainaut-promsoc.be', '4IyBvrc6vFn', '76066 Caliangt Court'),
(1984, 2, 1, 'Rodolphe', 'Mélodie', '1152-04-01', '586-248-88', 'Rodolphe.Mélodie@hainaut-promsoc.be', 'uXeDe3Aj5oT', '2 Hooker Parkway'),
(1985, 1, 1, 'Filippo', 'Åsa', '1223-01-06', '804-170-43', 'Filippo.Åsa@hainaut-promsoc.be', 'lLqMItPoWUi', '8314 Sutherland Hill'),
(1986, 1, 1, 'Piken', 'Maëlys', '1318-07-23', '844-169-63', 'Piken.Maëlys@hainaut-promsoc.be', 'A1gcUQv2', '39 Meadow Vale Alley'),
(1987, 4, 1, 'Saker', 'Aimée', '1776-06-07', '125-448-22', 'Saker.Aimée@hainaut-promsoc.be', 'NJUcDxjjey4', '70592 Norway Maple Center'),
(1988, 2, 1, 'McVane', 'Clémentine', '1125-04-11', '108-861-90', 'McVane.Clémentine@hainaut-promsoc.be', 'bV6waIdsb', '67084 Bashford Crossing'),
(1989, 5, 1, 'Gerrey', 'Pål', '1303-03-13', '651-384-94', 'Gerrey.Pål@hainaut-promsoc.be', 'lrVIXgNs', '96500 Acker Trail'),
(1990, 1, 1, 'Rollett', 'Dorothée', '1689-07-27', '928-400-56', 'Rollett.Dorothée@hainaut-promsoc.be', 'Wbwy5d6uIeDs', '09503 Victoria Terrace'),
(1991, 5, 1, 'Sheffield', 'Bérénice', '1892-04-30', '657-736-33', 'Sheffield.Bérénice@hainaut-promsoc.be', 'umJ75w', '92 Quincy Terrace'),
(1992, 3, 1, 'Tschierasche', 'Anaé', '1237-12-02', '241-103-37', 'Tschierasche.Anaé@hainaut-promsoc.be', 'LmuDrE', '028 Merchant Center'),
(1993, 5, 1, 'Roglieri', 'Josée', '1630-06-28', '618-610-04', 'Roglieri.Josée@hainaut-promsoc.be', 'GG7AZee8', '81261 Ridgeview Plaza'),
(1994, 4, 1, 'Hansen', 'Daphnée', '1202-12-05', '627-588-07', 'Hansen.Daphnée@hainaut-promsoc.be', 'GIdLypd2tY1S', '50050 Del Mar Terrace'),
(1995, 1, 1, 'Sudron', 'Marie-hélène', '1710-03-17', '794-658-28', 'Sudron.Marie-hélène@hainaut-promsoc.be', 'NgEjOf', '9732 Toban Circle'),
(1996, 2, 1, 'Terrett', 'Eliès', '1113-12-13', '638-866-62', 'Terrett.Eliès@hainaut-promsoc.be', '9c9MJDiDA', '03 Larry Lane'),
(1997, 1, 1, 'Farnham', 'Åke', '1565-02-04', '818-751-74', 'Farnham.Åke@hainaut-promsoc.be', 'TIjQqNZ78Co', '55290 Helena Hill'),
(1998, 2, 1, 'Crocumbe', 'Bérangère', '1514-05-20', '510-421-36', 'Crocumbe.Bérangère@hainaut-promsoc.be', 'MdhUW4oAfYV', '02 Waubesa Alley'),
(1999, 4, 1, 'Trencher', 'Mélissandre', '1297-02-17', '531-228-10', 'Trencher.Mélissandre@hainaut-promsoc.be', '3AQfOx', '5077 Rusk Place'),
(2000, 2, 1, 'Mallabund', 'Personnalisée', '1738-11-06', '578-879-34', 'Mallabund.Personnalisée@hainaut-promsoc.be', 'WsUJn0lF68t8', '807 Twin Pines Parkway'),
(2001, 5, 1, 'Myhill', 'Lèi', '1981-12-22', '646-807-61', 'Myhill.Lèi@hainaut-promsoc.be', 'nLlyKNc8S', '107 Wayridge Terrace'),
(2002, 1, 1, 'Arrighini', 'Håkan', '1611-06-27', '786-265-98', 'Arrighini.Håkan@hainaut-promsoc.be', '1Ws4lJ', '93 Rowland Center'),
(2003, 3, 1, 'Lyfield', 'Uò', '1308-10-16', '454-121-82', 'Lyfield.Uò@hainaut-promsoc.be', 'xC32gVbgi', '7569 Maple Wood Center'),
(2004, 4, 1, 'Leech', 'Séréna', '1570-02-15', '506-673-49', 'Leech.Séréna@hainaut-promsoc.be', 'TJva3bVlR', '95 Bartelt Place'),
(2005, 3, 1, 'Pietroni', 'Mélodie', '1390-01-26', '996-990-49', 'Pietroni.Mélodie@hainaut-promsoc.be', 'QCPavDxDx', '7 Hansons Plaza'),
(2007, NULL, 2, 'Delbeque', 'Benoît', '1468-01-06', '138-827-91', 'Delbeque.Benoît@hainaut-promsoc.be', 'GI2XsS', '0 Welch Junction');

-- --------------------------------------------------------

--
-- Structure de la table `section`
--

DROP TABLE IF EXISTS `section`;
CREATE TABLE IF NOT EXISTS `section` (
  `ID_SECTION` int NOT NULL AUTO_INCREMENT,
  `NOM_SECTION` varchar(30) CHARACTER SET utf8mb4 COLLATE utf8mb4_general_ci NOT NULL,
  `DUREE` int NOT NULL,
  PRIMARY KEY (`ID_SECTION`)
) ENGINE=InnoDB AUTO_INCREMENT=6 DEFAULT CHARSET=utf8mb4 COLLATE=utf8mb4_general_ci;

--
-- Déchargement des données de la table `section`
--

INSERT INTO `section` (`ID_SECTION`, `NOM_SECTION`, `DUREE`) VALUES
(1, 'Comptabilité', 3),
(2, 'Informatique', 3),
(3, 'Droit', 3),
(4, 'Marketing', 3),
(5, 'Tourisme', 3);

-- --------------------------------------------------------

--
-- Structure de la table `statut`
--

DROP TABLE IF EXISTS `statut`;
CREATE TABLE IF NOT EXISTS `statut` (
  `ID_STATUT` int NOT NULL AUTO_INCREMENT,
  `NOM_STATUT` char(50) CHARACTER SET utf8mb4 COLLATE utf8mb4_general_ci NOT NULL,
  PRIMARY KEY (`ID_STATUT`)
) ENGINE=InnoDB AUTO_INCREMENT=4 DEFAULT CHARSET=utf8mb4 COLLATE=utf8mb4_general_ci;

--
-- Déchargement des données de la table `statut`
--

INSERT INTO `statut` (`ID_STATUT`, `NOM_STATUT`) VALUES
(1, 'Etudiant'),
(2, 'Directeur'),
(3, 'Secretariat');

-- --------------------------------------------------------

--
-- Structure de la table `statut_demande`
--

DROP TABLE IF EXISTS `statut_demande`;
CREATE TABLE IF NOT EXISTS `statut_demande` (
  `ID_STA_DEMAND` int NOT NULL AUTO_INCREMENT,
  `NOMSTATDEMAND` varchar(30) CHARACTER SET utf8mb4 COLLATE utf8mb4_general_ci NOT NULL,
  PRIMARY KEY (`ID_STA_DEMAND`)
) ENGINE=InnoDB AUTO_INCREMENT=4 DEFAULT CHARSET=utf8mb4 COLLATE=utf8mb4_general_ci;

--
-- Déchargement des données de la table `statut_demande`
--

INSERT INTO `statut_demande` (`ID_STA_DEMAND`, `NOMSTATDEMAND`) VALUES
(1, 'nouvelle'),
(2, 'Accepter'),
(3, 'refuser');

--
-- Contraintes pour les tables déchargées
--

--
-- Contraintes pour la table `demande`
--
ALTER TABLE `demande`
  ADD CONSTRAINT `FK_CONCERNER` FOREIGN KEY (`ID_COURS`) REFERENCES `cours` (`ID_COURS`) ON DELETE RESTRICT ON UPDATE RESTRICT,
  ADD CONSTRAINT `FK_DEFINIR` FOREIGN KEY (`ID_STA_DEMAND`) REFERENCES `statut_demande` (`ID_STA_DEMAND`) ON DELETE RESTRICT ON UPDATE RESTRICT,
  ADD CONSTRAINT `FK_INTRODUIR` FOREIGN KEY (`ID`) REFERENCES `personne` (`ID`) ON DELETE RESTRICT ON UPDATE RESTRICT;

--
-- Contraintes pour la table `justifier`
--
ALTER TABLE `justifier`
  ADD CONSTRAINT `FK_JUSTIFIER` FOREIGN KEY (`ID_DOC`) REFERENCES `documents` (`ID_DOC`) ON DELETE RESTRICT ON UPDATE RESTRICT,
  ADD CONSTRAINT `FK_JUSTIFIER2` FOREIGN KEY (`ID_DEMANDE`) REFERENCES `demande` (`ID_DEMANDE`) ON DELETE RESTRICT ON UPDATE RESTRICT;

--
-- Contraintes pour la table `personne`
--
ALTER TABLE `personne`
  ADD CONSTRAINT `FK_APPARTENIR` FOREIGN KEY (`ID_SECTION`) REFERENCES `section` (`ID_SECTION`) ON DELETE RESTRICT ON UPDATE RESTRICT,
  ADD CONSTRAINT `FK_AVOIR` FOREIGN KEY (`ID_STATUT`) REFERENCES `statut` (`ID_STATUT`) ON DELETE RESTRICT ON UPDATE RESTRICT;
COMMIT;

/*!40101 SET CHARACTER_SET_CLIENT=@OLD_CHARACTER_SET_CLIENT */;
/*!40101 SET CHARACTER_SET_RESULTS=@OLD_CHARACTER_SET_RESULTS */;
/*!40101 SET COLLATION_CONNECTION=@OLD_COLLATION_CONNECTION */;
